trap_visit_environmental_id,stream,site,trap_name,trap_visit_time_end,measure_name,measure_value_numeric,measure_unit
1,Mill Creek,Mill Creek RST,Mill Creek RST,2023-10-25T09:30:00Z,water temperature,14,fahrenheit (f)
2,Mill Creek,Mill Creek RST,Mill Creek RST,2023-10-25T09:30:00Z,flow measure,99,cubic feet/second (cfs)
3,Mill Creek,Mill Creek RST,Mill Creek RST,2023-11-01T10:30:00Z,water temperature,9,fahrenheit (f)
4,Mill Creek,Mill Creek RST,Mill Creek RST,2023-11-01T10:30:00Z,flow measure,100,cubic feet/second (cfs)
5,Deer Creek,Deer Creek RST,Deer Creek RST,2023-11-06T09:50:00Z,water temperature,9,fahrenheit (f)
6,Deer Creek,Deer Creek RST,Deer Creek RST,2023-11-06T09:50:00Z,flow measure,NA,cubic feet/second (cfs)
7,Deer Creek,Deer Creek RST,Deer Creek RST,2023-12-05T09:45:00Z,water temperature,10,fahrenheit (f)
8,Deer Creek,Deer Creek RST,Deer Creek RST,2023-12-05T09:45:00Z,flow measure,NA,cubic feet/second (cfs)
9,Mill Creek,Mill Creek RST,Mill Creek RST,2023-11-06T10:50:00Z,water temperature,NA,fahrenheit (f)
10,Mill Creek,Mill Creek RST,Mill Creek RST,2023-11-06T10:50:00Z,flow measure,109,cubic feet/second (cfs)
11,Mill Creek,Mill Creek RST,Mill Creek RST,2023-11-03T09:00:00Z,water temperature,NA,fahrenheit (f)
12,Mill Creek,Mill Creek RST,Mill Creek RST,2023-11-03T09:00:00Z,flow measure,101,cubic feet/second (cfs)
13,Deer Creek,Deer Creek RST,Deer Creek RST,2023-12-07T09:15:00Z,water temperature,9,fahrenheit (f)
14,Deer Creek,Deer Creek RST,Deer Creek RST,2023-12-07T09:15:00Z,flow measure,NA,cubic feet/second (cfs)
15,Deer Creek,Deer Creek RST,Deer Creek RST,2023-12-13T09:00:00Z,water temperature,7,fahrenheit (f)
16,Deer Creek,Deer Creek RST,Deer Creek RST,2023-12-13T09:00:00Z,flow measure,NA,cubic feet/second (cfs)
17,Deer Creek,Deer Creek RST,Deer Creek RST,2023-12-11T09:40:00Z,water temperature,7,fahrenheit (f)
18,Deer Creek,Deer Creek RST,Deer Creek RST,2023-12-11T09:40:00Z,flow measure,114,cubic feet/second (cfs)
19,Mill Creek,Mill Creek RST,Mill Creek RST,2023-11-07T02:00:00Z,water temperature,12,fahrenheit (f)
20,Mill Creek,Mill Creek RST,Mill Creek RST,2023-11-07T02:00:00Z,flow measure,137,cubic feet/second (cfs)
21,Mill Creek,Mill Creek RST,Mill Creek RST,2023-11-08T09:00:00Z,water temperature,12,fahrenheit (f)
22,Mill Creek,Mill Creek RST,Mill Creek RST,2023-11-08T09:00:00Z,flow measure,109,cubic feet/second (cfs)
23,Mill Creek,Mill Creek RST,Mill Creek RST,2023-11-04T12:15:00Z,water temperature,NA,fahrenheit (f)
24,Mill Creek,Mill Creek RST,Mill Creek RST,2023-11-04T12:15:00Z,flow measure,109,cubic feet/second (cfs)
25,Deer Creek,Deer Creek RST,Deer Creek RST,2023-12-21T09:00:00Z,water temperature,8,fahrenheit (f)
26,Deer Creek,Deer Creek RST,Deer Creek RST,2023-12-21T09:00:00Z,flow measure,NA,cubic feet/second (cfs)
27,Mill Creek,Mill Creek RST,Mill Creek RST,2023-11-15T01:30:00Z,water temperature,10,fahrenheit (f)
28,Mill Creek,Mill Creek RST,Mill Creek RST,2023-11-15T01:30:00Z,flow measure,109,cubic feet/second (cfs)
29,Deer Creek,Deer Creek RST,Deer Creek RST,2023-12-19T02:00:00Z,water temperature,4,fahrenheit (f)
30,Deer Creek,Deer Creek RST,Deer Creek RST,2023-12-19T02:00:00Z,flow measure,NA,cubic feet/second (cfs)
31,Deer Creek,Deer Creek RST,Deer Creek RST,2023-12-20T00:00:00Z,water temperature,10,fahrenheit (f)
32,Deer Creek,Deer Creek RST,Deer Creek RST,2023-12-20T00:00:00Z,flow measure,570,cubic feet/second (cfs)
33,Deer Creek,Deer Creek RST,Deer Creek RST,2023-12-21T12:00:00Z,water temperature,9,fahrenheit (f)
34,Deer Creek,Deer Creek RST,Deer Creek RST,2023-12-21T12:00:00Z,flow measure,265,cubic feet/second (cfs)
35,Mill Creek,Mill Creek RST,Mill Creek RST,2023-11-16T09:00:00Z,water temperature,12,fahrenheit (f)
36,Mill Creek,Mill Creek RST,Mill Creek RST,2023-11-16T09:00:00Z,flow measure,109,cubic feet/second (cfs)
37,Mill Creek,Mill Creek RST,Mill Creek RST,2023-11-28T09:00:00Z,water temperature,6,fahrenheit (f)
38,Mill Creek,Mill Creek RST,Mill Creek RST,2023-11-28T09:00:00Z,flow measure,111,cubic feet/second (cfs)
39,Deer Creek,Deer Creek RST,Deer Creek RST,2023-12-29T00:00:00Z,water temperature,10,fahrenheit (f)
40,Deer Creek,Deer Creek RST,Deer Creek RST,2023-12-29T00:00:00Z,flow measure,NA,cubic feet/second (cfs)
41,Deer Creek,Deer Creek RST,Deer Creek RST,2024-01-03T09:00:00Z,water temperature,9,fahrenheit (f)
42,Deer Creek,Deer Creek RST,Deer Creek RST,2024-01-03T09:00:00Z,flow measure,NA,cubic feet/second (cfs)
43,Deer Creek,Deer Creek RST,Deer Creek RST,2023-12-22T00:00:00Z,water temperature,NA,fahrenheit (f)
44,Deer Creek,Deer Creek RST,Deer Creek RST,2023-12-22T00:00:00Z,flow measure,202,cubic feet/second (cfs)
45,Mill Creek,Mill Creek RST,Mill Creek RST,2023-10-20T09:51:00Z,water temperature,8,fahrenheit (f)
46,Mill Creek,Mill Creek RST,Mill Creek RST,2023-10-20T09:51:00Z,flow measure,140,cubic feet/second (cfs)
47,Mill Creek,Mill Creek RST,Mill Creek RST,2023-11-29T09:30:00Z,water temperature,6,fahrenheit (f)
48,Mill Creek,Mill Creek RST,Mill Creek RST,2023-11-29T09:30:00Z,flow measure,109,cubic feet/second (cfs)
49,Mill Creek,Mill Creek RST,Mill Creek RST,2023-12-01T11:00:00Z,water temperature,7,fahrenheit (f)
50,Mill Creek,Mill Creek RST,Mill Creek RST,2023-12-01T11:00:00Z,flow measure,113,cubic feet/second (cfs)
51,Deer Creek,Deer Creek RST,Deer Creek RST,2024-01-04T11:51:00Z,water temperature,12,fahrenheit (f)
52,Deer Creek,Deer Creek RST,Deer Creek RST,2024-01-04T11:51:00Z,flow measure,217,cubic feet/second (cfs)
53,Mill Creek,Mill Creek RST,Mill Creek RST,2023-11-06T11:30:00Z,water temperature,9,fahrenheit (f)
54,Mill Creek,Mill Creek RST,Mill Creek RST,2023-12-04T09:11:00Z,water temperature,9,fahrenheit (f)
56,Mill Creek,Mill Creek RST,Mill Creek RST,2023-12-04T09:11:00Z,flow measure,138,cubic feet/second (cfs)
57,Mill Creek,Mill Creek RST,Mill Creek RST,2023-12-05T12:15:00Z,water temperature,10,fahrenheit (f)
58,Mill Creek,Mill Creek RST,Mill Creek RST,2023-12-05T12:15:00Z,flow measure,126,cubic feet/second (cfs)
55,Mill Creek,Mill Creek RST,Mill Creek RST,2023-11-06T11:30:00Z,flow measure,121,cubic feet/second (cfs)
59,Deer Creek,Deer Creek RST,Deer Creek RST,2024-01-05T00:00:00Z,water temperature,8,fahrenheit (f)
60,Deer Creek,Deer Creek RST,Deer Creek RST,2024-01-05T00:00:00Z,flow measure,186,cubic feet/second (cfs)
61,Deer Creek,Deer Creek RST,Deer Creek RST,2024-01-11T09:43:00Z,water temperature,NA,fahrenheit (f)
62,Deer Creek,Deer Creek RST,Deer Creek RST,2024-01-11T09:43:00Z,flow measure,NA,cubic feet/second (cfs)
63,Deer Creek,Deer Creek RST,Deer Creek RST,2024-01-10T10:00:00Z,water temperature,8,fahrenheit (f)
64,Deer Creek,Deer Creek RST,Deer Creek RST,2024-01-10T10:00:00Z,flow measure,NA,cubic feet/second (cfs)
65,Mill Creek,Mill Creek RST,Mill Creek RST,2023-12-07T11:30:00Z,water temperature,9,fahrenheit (f)
66,Mill Creek,Mill Creek RST,Mill Creek RST,2023-12-07T11:30:00Z,flow measure,153,cubic feet/second (cfs)
67,Mill Creek,Mill Creek RST,Mill Creek RST,2023-11-08T10:30:00Z,water temperature,8,fahrenheit (f)
68,Mill Creek,Mill Creek RST,Mill Creek RST,2023-11-08T10:30:00Z,flow measure,148,cubic feet/second (cfs)
69,Deer Creek,Deer Creek RST,Deer Creek RST,2024-01-12T09:00:00Z,water temperature,6,fahrenheit (f)
70,Deer Creek,Deer Creek RST,Deer Creek RST,2024-01-12T09:00:00Z,flow measure,158,cubic feet/second (cfs)
72,Deer Creek,Deer Creek RST,Deer Creek RST,2024-01-14T00:00:00Z,water temperature,11,fahrenheit (f)
71,Mill Creek,Mill Creek RST,Mill Creek RST,2023-11-11T11:15:00Z,water temperature,7,fahrenheit (f)
73,Deer Creek,Deer Creek RST,Deer Creek RST,2024-01-14T00:00:00Z,flow measure,NA,cubic feet/second (cfs)
74,Mill Creek,Mill Creek RST,Mill Creek RST,2023-11-11T11:15:00Z,flow measure,121,cubic feet/second (cfs)
75,Deer Creek,Deer Creek RST,Deer Creek RST,2024-01-17T09:30:00Z,water temperature,9,fahrenheit (f)
76,Deer Creek,Deer Creek RST,Deer Creek RST,2024-01-17T09:30:00Z,flow measure,NA,cubic feet/second (cfs)
77,Mill Creek,Mill Creek RST,Mill Creek RST,2023-12-04T00:00:00Z,water temperature,8,fahrenheit (f)
78,Mill Creek,Mill Creek RST,Mill Creek RST,2023-12-04T00:00:00Z,flow measure,138,cubic feet/second (cfs)
79,Deer Creek,Deer Creek RST,Deer Creek RST,2023-01-24T11:20:00Z,water temperature,9,fahrenheit (f)
80,Deer Creek,Deer Creek RST,Deer Creek RST,2023-01-24T11:20:00Z,flow measure,NA,cubic feet/second (cfs)
81,Deer Creek,Deer Creek RST,Deer Creek RST,2024-01-18T11:42:00Z,water temperature,9,fahrenheit (f)
82,Deer Creek,Deer Creek RST,Deer Creek RST,2024-01-18T11:42:00Z,flow measure,NA,cubic feet/second (cfs)
83,Mill Creek,Mill Creek RST,Mill Creek RST,2023-12-13T00:00:00Z,water temperature,7,fahrenheit (f)
84,Mill Creek,Mill Creek RST,Mill Creek RST,2023-12-13T00:00:00Z,flow measure,117,cubic feet/second (cfs)
85,Mill Creek,Mill Creek RST,Mill Creek RST,2023-12-19T00:00:00Z,water temperature,NA,fahrenheit (f)
86,Mill Creek,Mill Creek RST,Mill Creek RST,2023-12-19T00:00:00Z,flow measure,450,cubic feet/second (cfs)
87,Deer Creek,Deer Creek RST,Deer Creek RST,2023-01-24T03:00:00Z,water temperature,2,fahrenheit (f)
88,Deer Creek,Deer Creek RST,Deer Creek RST,2023-01-24T03:00:00Z,flow measure,NA,cubic feet/second (cfs)
89,Mill Creek,Mill Creek RST,Mill Creek RST,2023-12-22T00:00:00Z,water temperature,NA,fahrenheit (f)
90,Mill Creek,Mill Creek RST,Mill Creek RST,2023-12-22T00:00:00Z,flow measure,251,cubic feet/second (cfs)
91,Mill Creek,Mill Creek RST,Mill Creek RST,2023-12-21T10:55:00Z,water temperature,10,fahrenheit (f)
92,Mill Creek,Mill Creek RST,Mill Creek RST,2023-12-21T10:55:00Z,flow measure,277,cubic feet/second (cfs)
94,Mill Creek,Mill Creek RST,Mill Creek RST,2023-12-29T11:00:00Z,water temperature,10,fahrenheit (f)
95,Mill Creek,Mill Creek RST,Mill Creek RST,2023-12-29T11:00:00Z,flow measure,NA,cubic feet/second (cfs)
93,Deer Creek,Deer Creek RST,Deer Creek RST,2024-01-25T10:00:00Z,water temperature,NA,fahrenheit (f)
96,Deer Creek,Deer Creek RST,Deer Creek RST,2024-01-25T10:00:00Z,flow measure,717,cubic feet/second (cfs)
97,Deer Creek,Deer Creek RST,Deer Creek RST,2024-01-19T11:00:00Z,water temperature,9,fahrenheit (f)
98,Deer Creek,Deer Creek RST,Deer Creek RST,2024-01-19T11:00:00Z,flow measure,NA,cubic feet/second (cfs)
99,Deer Creek,Deer Creek RST,Deer Creek RST,2024-01-26T09:00:00Z,water temperature,9,fahrenheit (f)
100,Deer Creek,Deer Creek RST,Deer Creek RST,2024-01-26T09:00:00Z,flow measure,NA,cubic feet/second (cfs)
101,Mill Creek,Mill Creek RST,Mill Creek RST,2024-01-03T00:00:00Z,water temperature,NA,fahrenheit (f)
102,Mill Creek,Mill Creek RST,Mill Creek RST,2024-01-03T00:00:00Z,flow measure,430,cubic feet/second (cfs)
103,Deer Creek,Deer Creek RST,Deer Creek RST,2024-01-27T09:00:00Z,water temperature,10,fahrenheit (f)
104,Deer Creek,Deer Creek RST,Deer Creek RST,2024-01-27T09:00:00Z,flow measure,490,cubic feet/second (cfs)
105,Deer Creek,Deer Creek RST,Deer Creek RST,2024-01-28T10:00:00Z,water temperature,10,fahrenheit (f)
106,Deer Creek,Deer Creek RST,Deer Creek RST,2024-01-28T10:00:00Z,flow measure,498,cubic feet/second (cfs)
107,Mill Creek,Mill Creek RST,Mill Creek RST,2024-01-09T09:00:00Z,water temperature,6,fahrenheit (f)
108,Mill Creek,Mill Creek RST,Mill Creek RST,2024-01-09T09:00:00Z,flow measure,147,cubic feet/second (cfs)
109,Mill Creek,Mill Creek RST,Mill Creek RST,2024-01-05T00:00:00Z,water temperature,8,fahrenheit (f)
110,Mill Creek,Mill Creek RST,Mill Creek RST,2024-01-05T00:00:00Z,flow measure,178,cubic feet/second (cfs)
111,Mill Creek,Mill Creek RST,Mill Creek RST,2024-01-10T09:00:00Z,water temperature,6,fahrenheit (f)
112,Mill Creek,Mill Creek RST,Mill Creek RST,2024-01-10T09:00:00Z,flow measure,157,cubic feet/second (cfs)
113,Deer Creek,Deer Creek RST,Deer Creek RST,2024-01-30T12:15:00Z,water temperature,10,fahrenheit (f)
114,Deer Creek,Deer Creek RST,Deer Creek RST,2024-01-30T12:15:00Z,flow measure,NA,cubic feet/second (cfs)
115,Mill Creek,Mill Creek RST,Mill Creek RST,2024-01-04T09:00:00Z,water temperature,7,fahrenheit (f)
116,Mill Creek,Mill Creek RST,Mill Creek RST,2024-01-04T09:00:00Z,flow measure,265,cubic feet/second (cfs)
117,Deer Creek,Deer Creek RST,Deer Creek RST,2024-01-29T09:30:00Z,water temperature,10,fahrenheit (f)
118,Deer Creek,Deer Creek RST,Deer Creek RST,2024-01-29T09:30:00Z,flow measure,NA,cubic feet/second (cfs)
119,Deer Creek,Deer Creek RST,Deer Creek RST,2024-01-31T10:00:00Z,water temperature,10,fahrenheit (f)
120,Deer Creek,Deer Creek RST,Deer Creek RST,2024-01-31T10:00:00Z,flow measure,NA,cubic feet/second (cfs)
121,Mill Creek,Mill Creek RST,Mill Creek RST,2024-01-11T11:00:00Z,water temperature,9,fahrenheit (f)
122,Mill Creek,Mill Creek RST,Mill Creek RST,2024-01-11T11:00:00Z,flow measure,NA,cubic feet/second (cfs)
123,Deer Creek,Deer Creek RST,Deer Creek RST,2024-02-09T09:30:00Z,water temperature,8,fahrenheit (f)
124,Deer Creek,Deer Creek RST,Deer Creek RST,2024-02-09T09:30:00Z,flow measure,NA,cubic feet/second (cfs)
143,Mill Creek,Mill Creek RST,Mill Creek RST,2024-01-09T00:00:00Z,water temperature,11,fahrenheit (f)
144,Mill Creek,Mill Creek RST,Mill Creek RST,2024-01-09T00:00:00Z,flow measure,NA,cubic feet/second (cfs)
163,Deer Creek,Deer Creek RST,Deer Creek RST,2024-03-05T10:40:00Z,water temperature,8,fahrenheit (f)
164,Deer Creek,Deer Creek RST,Deer Creek RST,2024-03-05T10:40:00Z,flow measure,NA,cubic feet/second (cfs)
183,Deer Creek,Deer Creek RST,Deer Creek RST,2024-03-10T09:00:00Z,water temperature,9,fahrenheit (f)
184,Deer Creek,Deer Creek RST,Deer Creek RST,2024-03-10T09:00:00Z,flow measure,NA,cubic feet/second (cfs)
202,Deer Creek,Deer Creek RST,Deer Creek RST,2024-03-16T08:45:00Z,water temperature,9,fahrenheit (f)
203,Deer Creek,Deer Creek RST,Deer Creek RST,2024-03-16T08:45:00Z,flow measure,NA,cubic feet/second (cfs)
219,Deer Creek,Deer Creek RST,Deer Creek RST,2024-03-21T12:07:00Z,water temperature,11,fahrenheit (f)
220,Deer Creek,Deer Creek RST,Deer Creek RST,2024-03-21T12:07:00Z,flow measure,NA,cubic feet/second (cfs)
239,Mill Creek,Mill Creek RST,Mill Creek RST,2024-03-08T11:17:00Z,water temperature,11,fahrenheit (f)
240,Mill Creek,Mill Creek RST,Mill Creek RST,2024-03-08T11:17:00Z,flow measure,NA,cubic feet/second (cfs)
259,Deer Creek,Deer Creek RST,Deer Creek RST,2024-04-01T01:50:00Z,water temperature,11,fahrenheit (f)
260,Deer Creek,Deer Creek RST,Deer Creek RST,2024-04-01T01:50:00Z,flow measure,616,cubic feet/second (cfs)
279,Deer Creek,Deer Creek RST,Deer Creek RST,2024-04-05T08:28:00Z,water temperature,8,fahrenheit (f)
280,Deer Creek,Deer Creek RST,Deer Creek RST,2024-04-05T08:28:00Z,flow measure,NA,cubic feet/second (cfs)
299,Deer Creek,Deer Creek RST,Deer Creek RST,2024-04-12T08:30:00Z,water temperature,13,fahrenheit (f)
300,Deer Creek,Deer Creek RST,Deer Creek RST,2024-04-12T08:30:00Z,flow measure,NA,cubic feet/second (cfs)
319,Deer Creek,Deer Creek RST,Deer Creek RST,2024-04-18T12:51:00Z,water temperature,12,fahrenheit (f)
320,Deer Creek,Deer Creek RST,Deer Creek RST,2024-04-18T12:51:00Z,flow measure,NA,cubic feet/second (cfs)
339,Deer Creek,Deer Creek RST,Deer Creek RST,2024-04-22T08:40:00Z,water temperature,13,fahrenheit (f)
340,Deer Creek,Deer Creek RST,Deer Creek RST,2024-04-22T08:40:00Z,flow measure,NA,cubic feet/second (cfs)
355,Deer Creek,Deer Creek RST,Deer Creek RST,2024-04-27T09:00:00Z,water temperature,10,fahrenheit (f)
356,Deer Creek,Deer Creek RST,Deer Creek RST,2024-04-27T09:00:00Z,flow measure,NA,cubic feet/second (cfs)
375,Mill Creek,Mill Creek RST,Mill Creek RST,2024-04-13T12:05:00Z,water temperature,14,fahrenheit (f)
376,Mill Creek,Mill Creek RST,Mill Creek RST,2024-04-13T12:05:00Z,flow measure,NA,cubic feet/second (cfs)
395,Mill Creek,Mill Creek RST,Mill Creek RST,2024-04-19T11:20:00Z,water temperature,14,fahrenheit (f)
396,Mill Creek,Mill Creek RST,Mill Creek RST,2024-04-19T11:20:00Z,flow measure,NA,cubic feet/second (cfs)
415,Mill Creek,Mill Creek RST,Mill Creek RST,2024-04-23T11:20:00Z,water temperature,15,fahrenheit (f)
416,Mill Creek,Mill Creek RST,Mill Creek RST,2024-04-23T11:20:00Z,flow measure,NA,cubic feet/second (cfs)
435,Deer Creek,Deer Creek RST,Deer Creek RST,2024-05-21T09:10:00Z,water temperature,14,fahrenheit (f)
436,Deer Creek,Deer Creek RST,Deer Creek RST,2024-05-21T09:10:00Z,flow measure,NA,cubic feet/second (cfs)
456,Mill Creek,Mill Creek RST,Mill Creek RST,2024-05-06T02:40:00Z,water temperature,14,fahrenheit (f)
457,Mill Creek,Mill Creek RST,Mill Creek RST,2024-05-06T02:40:00Z,flow measure,NA,cubic feet/second (cfs)
477,Deer Creek,Deer Creek RST,Deer Creek RST,2024-06-13T00:00:00Z,water temperature,21,fahrenheit (f)
478,Deer Creek,Deer Creek RST,Deer Creek RST,2024-06-13T00:00:00Z,flow measure,NA,cubic feet/second (cfs)
495,Mill Creek,Mill Creek RST,Mill Creek RST,2024-05-15T11:51:00Z,water temperature,17,fahrenheit (f)
496,Mill Creek,Mill Creek RST,Mill Creek RST,2024-05-15T11:51:00Z,flow measure,NA,cubic feet/second (cfs)
513,Mill Creek,Mill Creek RST,Mill Creek RST,2024-06-14T09:26:00Z,water temperature,21,fahrenheit (f)
514,Mill Creek,Mill Creek RST,Mill Creek RST,2024-06-14T09:26:00Z,flow measure,NA,cubic feet/second (cfs)
827,Mill Creek,Mill Creek RST,Mill Creek RST,2024-11-12T09:15:00Z,flow measure,156,cubic feet/second (cfs)
828,Mill Creek,Mill Creek RST,Mill Creek RST,2024-11-12T09:15:00Z,water temperature,11,celsius (c)
829,Mill Creek,Mill Creek RST,Mill Creek RST,2024-11-12T09:15:00Z,water turbidity,NA,nephelometric turbidity units (NTU)
875,Mill Creek,Mill Creek RST,Mill Creek RST,2024-12-18T07:51:09Z,flow measure,419,cubic feet/second (cfs)
876,Mill Creek,Mill Creek RST,Mill Creek RST,2024-12-18T07:51:09Z,water temperature,9,celsius (c)
877,Mill Creek,Mill Creek RST,Mill Creek RST,2024-12-18T07:51:09Z,water turbidity,NA,nephelometric turbidity units (NTU)
125,Mill Creek,Mill Creek RST,Mill Creek RST,2024-01-22T10:25:00Z,water temperature,8,fahrenheit (f)
126,Mill Creek,Mill Creek RST,Mill Creek RST,2024-01-22T10:25:00Z,flow measure,NA,cubic feet/second (cfs)
145,Deer Creek,Deer Creek RST,Deer Creek RST,2024-02-16T00:00:00Z,water temperature,12,fahrenheit (f)
146,Deer Creek,Deer Creek RST,Deer Creek RST,2024-02-16T00:00:00Z,flow measure,532,cubic feet/second (cfs)
165,Mill Creek,Mill Creek RST,Mill Creek RST,2024-01-28T11:45:00Z,water temperature,14,fahrenheit (f)
166,Mill Creek,Mill Creek RST,Mill Creek RST,2024-01-28T11:45:00Z,flow measure,491,cubic feet/second (cfs)
185,Mill Creek,Mill Creek RST,Mill Creek RST,2024-02-09T11:30:00Z,water temperature,11,fahrenheit (f)
186,Mill Creek,Mill Creek RST,Mill Creek RST,2024-02-09T11:30:00Z,flow measure,NA,cubic feet/second (cfs)
205,Mill Creek,Mill Creek RST,Mill Creek RST,2024-02-14T00:00:00Z,water temperature,11,fahrenheit (f)
206,Mill Creek,Mill Creek RST,Mill Creek RST,2024-02-14T00:00:00Z,flow measure,NA,cubic feet/second (cfs)
221,Mill Creek,Mill Creek RST,Mill Creek RST,2024-03-05T09:07:00Z,water temperature,10,fahrenheit (f)
222,Mill Creek,Mill Creek RST,Mill Creek RST,2024-03-05T09:07:00Z,flow measure,NA,cubic feet/second (cfs)
241,Deer Creek,Deer Creek RST,Deer Creek RST,2024-03-26T08:45:00Z,water temperature,10,fahrenheit (f)
242,Deer Creek,Deer Creek RST,Deer Creek RST,2024-03-26T08:45:00Z,flow measure,NA,cubic feet/second (cfs)
261,Mill Creek,Mill Creek RST,Mill Creek RST,2024-03-15T10:39:00Z,water temperature,11,fahrenheit (f)
262,Mill Creek,Mill Creek RST,Mill Creek RST,2024-03-15T10:39:00Z,flow measure,NA,cubic feet/second (cfs)
281,Deer Creek,Deer Creek RST,Deer Creek RST,2024-04-07T10:15:00Z,water temperature,9,fahrenheit (f)
282,Deer Creek,Deer Creek RST,Deer Creek RST,2024-04-07T10:15:00Z,flow measure,NA,cubic feet/second (cfs)
301,Deer Creek,Deer Creek RST,Deer Creek RST,2024-04-13T12:54:00Z,water temperature,10,fahrenheit (f)
302,Deer Creek,Deer Creek RST,Deer Creek RST,2024-04-13T12:54:00Z,flow measure,NA,cubic feet/second (cfs)
321,Deer Creek,Deer Creek RST,Deer Creek RST,2024-04-17T09:10:00Z,water temperature,11,fahrenheit (f)
322,Deer Creek,Deer Creek RST,Deer Creek RST,2024-04-17T09:10:00Z,flow measure,NA,cubic feet/second (cfs)
341,Deer Creek,Deer Creek RST,Deer Creek RST,2024-04-23T08:45:00Z,water temperature,12,fahrenheit (f)
342,Deer Creek,Deer Creek RST,Deer Creek RST,2024-04-23T08:45:00Z,flow measure,NA,cubic feet/second (cfs)
359,Mill Creek,Mill Creek RST,Mill Creek RST,2024-04-09T08:45:00Z,water temperature,13,fahrenheit (f)
360,Mill Creek,Mill Creek RST,Mill Creek RST,2024-04-09T08:45:00Z,flow measure,NA,cubic feet/second (cfs)
377,Deer Creek,Deer Creek RST,Deer Creek RST,2024-05-03T10:14:00Z,water temperature,12,fahrenheit (f)
378,Deer Creek,Deer Creek RST,Deer Creek RST,2024-05-03T10:14:00Z,flow measure,NA,cubic feet/second (cfs)
397,Deer Creek,Deer Creek RST,Deer Creek RST,2024-05-10T10:08:00Z,water temperature,13,fahrenheit (f)
398,Deer Creek,Deer Creek RST,Deer Creek RST,2024-05-10T10:08:00Z,flow measure,NA,cubic feet/second (cfs)
417,Deer Creek,Deer Creek RST,Deer Creek RST,2024-05-14T09:15:00Z,water temperature,15,fahrenheit (f)
418,Deer Creek,Deer Creek RST,Deer Creek RST,2024-05-14T09:15:00Z,flow measure,NA,cubic feet/second (cfs)
437,Mill Creek,Mill Creek RST,Mill Creek RST,2024-04-28T09:55:00Z,water temperature,15,fahrenheit (f)
438,Mill Creek,Mill Creek RST,Mill Creek RST,2024-04-28T09:55:00Z,flow measure,NA,cubic feet/second (cfs)
453,Mill Creek,Mill Creek RST,Mill Creek RST,2024-05-04T09:40:00Z,water temperature,15,fahrenheit (f)
455,Mill Creek,Mill Creek RST,Mill Creek RST,2024-05-04T09:40:00Z,flow measure,635,cubic feet/second (cfs)
475,Deer Creek,Deer Creek RST,Deer Creek RST,2024-06-12T09:15:00Z,water temperature,21,fahrenheit (f)
476,Deer Creek,Deer Creek RST,Deer Creek RST,2024-06-12T09:15:00Z,flow measure,NA,cubic feet/second (cfs)
497,Mill Creek,Mill Creek RST,Mill Creek RST,2024-05-13T00:00:00Z,water temperature,15,fahrenheit (f)
498,Mill Creek,Mill Creek RST,Mill Creek RST,2024-05-13T00:00:00Z,flow measure,NA,cubic feet/second (cfs)
517,Mill Creek,Mill Creek RST,Mill Creek RST,2024-06-17T08:30:00Z,water temperature,18,fahrenheit (f)
518,Mill Creek,Mill Creek RST,Mill Creek RST,2024-06-17T08:30:00Z,flow measure,NA,cubic feet/second (cfs)
830,Mill Creek,Mill Creek RST,Mill Creek RST,2024-11-18T09:15:00Z,flow measure,132,cubic feet/second (cfs)
831,Mill Creek,Mill Creek RST,Mill Creek RST,2024-11-18T09:15:00Z,water temperature,8.5,celsius (c)
832,Mill Creek,Mill Creek RST,Mill Creek RST,2024-11-18T09:15:00Z,water turbidity,NA,nephelometric turbidity units (NTU)
127,Deer Creek,Deer Creek RST,Deer Creek RST,2024-02-10T11:17:00Z,water temperature,8,fahrenheit (f)
128,Deer Creek,Deer Creek RST,Deer Creek RST,2024-02-10T11:17:00Z,flow measure,NA,cubic feet/second (cfs)
147,Deer Creek,Deer Creek RST,Deer Creek RST,2024-02-14T11:18:00Z,water temperature,8,fahrenheit (f)
148,Deer Creek,Deer Creek RST,Deer Creek RST,2024-02-14T11:18:00Z,flow measure,NA,cubic feet/second (cfs)
167,Mill Creek,Mill Creek RST,Mill Creek RST,2024-01-29T00:00:00Z,water temperature,13,fahrenheit (f)
168,Mill Creek,Mill Creek RST,Mill Creek RST,2024-01-29T00:00:00Z,flow measure,NA,cubic feet/second (cfs)
187,Deer Creek,Deer Creek RST,Deer Creek RST,2024-03-12T09:30:00Z,water temperature,9,fahrenheit (f)
191,Deer Creek,Deer Creek RST,Deer Creek RST,2024-03-12T09:30:00Z,flow measure,NA,cubic feet/second (cfs)
209,Mill Creek,Mill Creek RST,Mill Creek RST,2024-02-16T09:03:00Z,water temperature,12,fahrenheit (f)
210,Mill Creek,Mill Creek RST,Mill Creek RST,2024-02-16T09:03:00Z,flow measure,NA,cubic feet/second (cfs)
229,Mill Creek,Mill Creek RST,Mill Creek RST,2024-03-06T11:00:00Z,water temperature,11,fahrenheit (f)
230,Mill Creek,Mill Creek RST,Mill Creek RST,2024-03-06T11:00:00Z,flow measure,NA,cubic feet/second (cfs)
249,Mill Creek,Mill Creek RST,Mill Creek RST,2024-03-10T12:08:00Z,water temperature,11,fahrenheit (f)
250,Mill Creek,Mill Creek RST,Mill Creek RST,2024-03-10T12:08:00Z,flow measure,NA,cubic feet/second (cfs)
267,Deer Creek,Deer Creek RST,Deer Creek RST,2024-03-31T09:17:00Z,water temperature,9,fahrenheit (f)
268,Deer Creek,Deer Creek RST,Deer Creek RST,2024-03-31T09:17:00Z,flow measure,NA,cubic feet/second (cfs)
285,Mill Creek,Mill Creek RST,Mill Creek RST,2024-03-21T02:00:00Z,water temperature,14,fahrenheit (f)
286,Mill Creek,Mill Creek RST,Mill Creek RST,2024-03-21T02:00:00Z,flow measure,NA,cubic feet/second (cfs)
305,Mill Creek,Mill Creek RST,Mill Creek RST,2024-03-25T10:10:00Z,water temperature,12,fahrenheit (f)
306,Mill Creek,Mill Creek RST,Mill Creek RST,2024-03-25T10:10:00Z,flow measure,NA,cubic feet/second (cfs)
325,Deer Creek,Deer Creek RST,Deer Creek RST,2024-04-19T09:30:00Z,water temperature,12,fahrenheit (f)
326,Deer Creek,Deer Creek RST,Deer Creek RST,2024-04-19T09:30:00Z,flow measure,NA,cubic feet/second (cfs)
345,Mill Creek,Mill Creek RST,Mill Creek RST,2024-04-04T10:00:00Z,water temperature,12,fahrenheit (f)
346,Mill Creek,Mill Creek RST,Mill Creek RST,2024-04-04T10:00:00Z,flow measure,NA,cubic feet/second (cfs)
365,Deer Creek,Deer Creek RST,Deer Creek RST,2024-04-28T08:40:00Z,water temperature,11,fahrenheit (f)
366,Deer Creek,Deer Creek RST,Deer Creek RST,2024-04-28T08:40:00Z,flow measure,NA,cubic feet/second (cfs)
385,Mill Creek,Mill Creek RST,Mill Creek RST,2024-04-15T09:41:00Z,water temperature,12,fahrenheit (f)
386,Mill Creek,Mill Creek RST,Mill Creek RST,2024-04-15T09:41:00Z,flow measure,NA,cubic feet/second (cfs)
405,Deer Creek,Deer Creek RST,Deer Creek RST,2024-05-07T01:06:00Z,water temperature,12,fahrenheit (f)
406,Deer Creek,Deer Creek RST,Deer Creek RST,2024-05-07T01:06:00Z,flow measure,NA,cubic feet/second (cfs)
421,Mill Creek,Mill Creek RST,Mill Creek RST,2024-04-25T09:45:00Z,water temperature,15,fahrenheit (f)
422,Mill Creek,Mill Creek RST,Mill Creek RST,2024-04-25T09:45:00Z,flow measure,775,cubic feet/second (cfs)
441,Mill Creek,Mill Creek RST,Mill Creek RST,2024-04-30T12:15:00Z,water temperature,14,fahrenheit (f)
442,Mill Creek,Mill Creek RST,Mill Creek RST,2024-04-30T12:15:00Z,flow measure,552,cubic feet/second (cfs)
461,Deer Creek,Deer Creek RST,Deer Creek RST,2024-06-04T08:05:00Z,water temperature,18,fahrenheit (f)
462,Deer Creek,Deer Creek RST,Deer Creek RST,2024-06-04T08:05:00Z,flow measure,NA,cubic feet/second (cfs)
481,Mill Creek,Mill Creek RST,Mill Creek RST,2024-05-22T09:10:00Z,water temperature,15,fahrenheit (f)
482,Mill Creek,Mill Creek RST,Mill Creek RST,2024-05-22T09:10:00Z,flow measure,NA,cubic feet/second (cfs)
501,Mill Creek,Mill Creek RST,Mill Creek RST,2024-05-11T00:00:00Z,water temperature,13,fahrenheit (f)
502,Mill Creek,Mill Creek RST,Mill Creek RST,2024-05-11T00:00:00Z,flow measure,NA,cubic feet/second (cfs)
521,Mill Creek,Mill Creek RST,Mill Creek RST,2024-06-18T09:00:00Z,water temperature,18,fahrenheit (f)
522,Mill Creek,Mill Creek RST,Mill Creek RST,2024-06-18T09:00:00Z,flow measure,NA,cubic feet/second (cfs)
129,Mill Creek,Mill Creek RST,Mill Creek RST,2024-01-14T00:00:00Z,water temperature,NA,fahrenheit (f)
130,Mill Creek,Mill Creek RST,Mill Creek RST,2024-01-14T00:00:00Z,flow measure,NA,cubic feet/second (cfs)
149,Deer Creek,Deer Creek RST,Deer Creek RST,2024-02-27T09:00:00Z,water temperature,9,fahrenheit (f)
150,Deer Creek,Deer Creek RST,Deer Creek RST,2024-02-27T09:00:00Z,flow measure,589,cubic feet/second (cfs)
169,Deer Creek,Deer Creek RST,Deer Creek RST,2024-03-07T10:15:00Z,water temperature,9,fahrenheit (f)
170,Deer Creek,Deer Creek RST,Deer Creek RST,2024-03-07T10:15:00Z,flow measure,NA,cubic feet/second (cfs)
189,Mill Creek,Mill Creek RST,Mill Creek RST,2024-02-11T10:00:00Z,water temperature,10,fahrenheit (f)
193,Mill Creek,Mill Creek RST,Mill Creek RST,2024-02-11T10:00:00Z,flow measure,NA,cubic feet/second (cfs)
207,Deer Creek,Deer Creek RST,Deer Creek RST,2024-03-17T08:51:00Z,water temperature,9,fahrenheit (f)
208,Deer Creek,Deer Creek RST,Deer Creek RST,2024-03-17T08:51:00Z,flow measure,NA,cubic feet/second (cfs)
227,Deer Creek,Deer Creek RST,Deer Creek RST,2024-03-22T12:00:00Z,water temperature,11,fahrenheit (f)
228,Deer Creek,Deer Creek RST,Deer Creek RST,2024-03-22T12:00:00Z,flow measure,NA,cubic feet/second (cfs)
247,Deer Creek,Deer Creek RST,Deer Creek RST,2024-03-28T09:09:00Z,water temperature,9,fahrenheit (f)
248,Deer Creek,Deer Creek RST,Deer Creek RST,2024-03-28T09:09:00Z,flow measure,NA,cubic feet/second (cfs)
265,Mill Creek,Mill Creek RST,Mill Creek RST,2024-03-16T10:50:00Z,water temperature,12,fahrenheit (f)
266,Mill Creek,Mill Creek RST,Mill Creek RST,2024-03-16T10:50:00Z,flow measure,NA,cubic feet/second (cfs)
283,Deer Creek,Deer Creek RST,Deer Creek RST,2024-04-08T00:00:00Z,water temperature,10,fahrenheit (f)
284,Deer Creek,Deer Creek RST,Deer Creek RST,2024-04-08T00:00:00Z,flow measure,NA,cubic feet/second (cfs)
303,Deer Creek,Deer Creek RST,Deer Creek RST,2024-04-11T10:30:00Z,water temperature,14,fahrenheit (f)
304,Deer Creek,Deer Creek RST,Deer Creek RST,2024-04-11T10:30:00Z,flow measure,NA,cubic feet/second (cfs)
323,Mill Creek,Mill Creek RST,Mill Creek RST,2024-03-30T00:00:00Z,water temperature,12,fahrenheit (f)
324,Mill Creek,Mill Creek RST,Mill Creek RST,2024-03-30T00:00:00Z,flow measure,491,cubic feet/second (cfs)
343,Mill Creek,Mill Creek RST,Mill Creek RST,2024-04-05T09:29:00Z,water temperature,10,fahrenheit (f)
344,Mill Creek,Mill Creek RST,Mill Creek RST,2024-04-05T09:29:00Z,flow measure,NA,cubic feet/second (cfs)
363,Mill Creek,Mill Creek RST,Mill Creek RST,2024-04-10T08:45:00Z,water temperature,13,fahrenheit (f)
364,Mill Creek,Mill Creek RST,Mill Creek RST,2024-04-10T08:45:00Z,flow measure,NA,cubic feet/second (cfs)
383,Deer Creek,Deer Creek RST,Deer Creek RST,2024-05-04T11:48:00Z,water temperature,12,fahrenheit (f)
384,Deer Creek,Deer Creek RST,Deer Creek RST,2024-05-04T11:48:00Z,flow measure,NA,cubic feet/second (cfs)
403,Deer Creek,Deer Creek RST,Deer Creek RST,2024-05-08T11:10:00Z,water temperature,11,fahrenheit (f)
404,Deer Creek,Deer Creek RST,Deer Creek RST,2024-05-08T11:10:00Z,flow measure,584,cubic feet/second (cfs)
419,Mill Creek,Mill Creek RST,Mill Creek RST,2024-04-26T11:30:00Z,water temperature,15,fahrenheit (f)
420,Mill Creek,Mill Creek RST,Mill Creek RST,2024-04-26T11:30:00Z,flow measure,NA,cubic feet/second (cfs)
439,Deer Creek,Deer Creek RST,Deer Creek RST,2024-05-20T09:04:00Z,water temperature,10,fahrenheit (f)
440,Deer Creek,Deer Creek RST,Deer Creek RST,2024-05-20T09:04:00Z,flow measure,NA,cubic feet/second (cfs)
459,Deer Creek,Deer Creek RST,Deer Creek RST,2024-06-03T11:21:00Z,water temperature,16,fahrenheit (f)
460,Deer Creek,Deer Creek RST,Deer Creek RST,2024-06-03T11:21:00Z,flow measure,NA,cubic feet/second (cfs)
479,Deer Creek,Deer Creek RST,Deer Creek RST,2024-06-10T10:35:00Z,water temperature,20,fahrenheit (f)
480,Deer Creek,Deer Creek RST,Deer Creek RST,2024-06-10T10:35:00Z,flow measure,NA,cubic feet/second (cfs)
499,Mill Creek,Mill Creek RST,Mill Creek RST,2024-05-14T11:15:00Z,water temperature,16,fahrenheit (f)
500,Mill Creek,Mill Creek RST,Mill Creek RST,2024-05-14T11:15:00Z,flow measure,NA,cubic feet/second (cfs)
519,Mill Creek,Mill Creek RST,Mill Creek RST,2024-06-21T08:40:00Z,water temperature,20,fahrenheit (f)
520,Mill Creek,Mill Creek RST,Mill Creek RST,2024-06-21T08:40:00Z,flow measure,NA,cubic feet/second (cfs)
836,Mill Creek,Mill Creek RST,Mill Creek RST,2024-11-19T09:08:00Z,flow measure,125,cubic feet/second (cfs)
837,Mill Creek,Mill Creek RST,Mill Creek RST,2024-11-19T09:08:00Z,water temperature,8,celsius (c)
838,Mill Creek,Mill Creek RST,Mill Creek RST,2024-11-19T09:08:00Z,water turbidity,NA,nephelometric turbidity units (NTU)
131,Deer Creek,Deer Creek RST,Deer Creek RST,2024-02-11T11:34:00Z,water temperature,8,fahrenheit (f)
133,Deer Creek,Deer Creek RST,Deer Creek RST,2024-02-11T11:34:00Z,flow measure,NA,cubic feet/second (cfs)
151,Deer Creek,Deer Creek RST,Deer Creek RST,2024-02-28T08:47:00Z,water temperature,8,fahrenheit (f)
152,Deer Creek,Deer Creek RST,Deer Creek RST,2024-02-28T08:47:00Z,flow measure,NA,cubic feet/second (cfs)
171,Deer Creek,Deer Creek RST,Deer Creek RST,2024-03-06T09:15:00Z,water temperature,NA,fahrenheit (f)
172,Deer Creek,Deer Creek RST,Deer Creek RST,2024-03-06T09:15:00Z,flow measure,814,cubic feet/second (cfs)
190,Mill Creek,Mill Creek RST,Mill Creek RST,2024-02-10T10:00:00Z,water temperature,11,fahrenheit (f)
194,Mill Creek,Mill Creek RST,Mill Creek RST,2024-02-10T10:00:00Z,flow measure,NA,cubic feet/second (cfs)
211,Mill Creek,Mill Creek RST,Mill Creek RST,2024-02-27T10:53:00Z,water temperature,11,fahrenheit (f)
212,Mill Creek,Mill Creek RST,Mill Creek RST,2024-02-27T10:53:00Z,flow measure,390,cubic feet/second (cfs)
233,Deer Creek,Deer Creek RST,Deer Creek RST,2024-03-23T10:09:00Z,water temperature,10,fahrenheit (f)
234,Deer Creek,Deer Creek RST,Deer Creek RST,2024-03-23T10:09:00Z,flow measure,NA,cubic feet/second (cfs)
253,Mill Creek,Mill Creek RST,Mill Creek RST,2024-03-13T09:33:00Z,water temperature,11,fahrenheit (f)
254,Mill Creek,Mill Creek RST,Mill Creek RST,2024-03-13T09:33:00Z,flow measure,NA,cubic feet/second (cfs)
273,Deer Creek,Deer Creek RST,Deer Creek RST,2024-04-04T08:45:00Z,water temperature,10,fahrenheit (f)
276,Deer Creek,Deer Creek RST,Deer Creek RST,2024-04-04T08:45:00Z,flow measure,NA,cubic feet/second (cfs)
293,Deer Creek,Deer Creek RST,Deer Creek RST,2024-04-10T12:03:00Z,water temperature,9,fahrenheit (f)
294,Deer Creek,Deer Creek RST,Deer Creek RST,2024-04-10T12:03:00Z,flow measure,NA,cubic feet/second (cfs)
311,Mill Creek,Mill Creek RST,Mill Creek RST,2024-03-27T08:52:00Z,water temperature,13,fahrenheit (f)
312,Mill Creek,Mill Creek RST,Mill Creek RST,2024-03-27T08:52:00Z,flow measure,NA,cubic feet/second (cfs)
329,Mill Creek,Mill Creek RST,Mill Creek RST,2024-04-02T09:11:00Z,water temperature,13,fahrenheit (f)
330,Mill Creek,Mill Creek RST,Mill Creek RST,2024-04-02T09:11:00Z,flow measure,NA,cubic feet/second (cfs)
349,Mill Creek,Mill Creek RST,Mill Creek RST,2024-04-06T00:00:00Z,water temperature,NA,fahrenheit (f)
350,Mill Creek,Mill Creek RST,Mill Creek RST,2024-04-06T00:00:00Z,flow measure,NA,cubic feet/second (cfs)
369,Mill Creek,Mill Creek RST,Mill Creek RST,2024-04-12T10:13:00Z,water temperature,15,fahrenheit (f)
370,Mill Creek,Mill Creek RST,Mill Creek RST,2024-04-12T10:13:00Z,flow measure,NA,cubic feet/second (cfs)
389,Mill Creek,Mill Creek RST,Mill Creek RST,2024-04-16T08:30:00Z,water temperature,14,fahrenheit (f)
390,Mill Creek,Mill Creek RST,Mill Creek RST,2024-04-16T08:30:00Z,flow measure,NA,cubic feet/second (cfs)
409,Deer Creek,Deer Creek RST,Deer Creek RST,2024-04-11T00:00:00Z,water temperature,13,fahrenheit (f)
410,Deer Creek,Deer Creek RST,Deer Creek RST,2024-04-11T00:00:00Z,flow measure,NA,cubic feet/second (cfs)
429,Deer Creek,Deer Creek RST,Deer Creek RST,2024-05-17T09:19:00Z,water temperature,13,fahrenheit (f)
430,Deer Creek,Deer Creek RST,Deer Creek RST,2024-05-17T09:19:00Z,flow measure,NA,cubic feet/second (cfs)
449,Mill Creek,Mill Creek RST,Mill Creek RST,2024-05-02T01:01:00Z,water temperature,15,fahrenheit (f)
450,Mill Creek,Mill Creek RST,Mill Creek RST,2024-05-02T01:01:00Z,flow measure,NA,cubic feet/second (cfs)
469,Deer Creek,Deer Creek RST,Deer Creek RST,2024-06-06T12:01:00Z,water temperature,21,fahrenheit (f)
470,Deer Creek,Deer Creek RST,Deer Creek RST,2024-06-06T12:01:00Z,flow measure,NA,cubic feet/second (cfs)
485,Mill Creek,Mill Creek RST,Mill Creek RST,2024-05-18T11:15:00Z,water temperature,16,fahrenheit (f)
486,Mill Creek,Mill Creek RST,Mill Creek RST,2024-05-18T11:15:00Z,flow measure,NA,cubic feet/second (cfs)
505,Mill Creek,Mill Creek RST,Mill Creek RST,2024-06-12T10:35:00Z,water temperature,NA,fahrenheit (f)
506,Mill Creek,Mill Creek RST,Mill Creek RST,2024-06-12T10:35:00Z,flow measure,NA,cubic feet/second (cfs)
525,Mill Creek,Mill Creek RST,Mill Creek RST,2024-06-20T09:13:00Z,water temperature,18,fahrenheit (f)
526,Mill Creek,Mill Creek RST,Mill Creek RST,2024-06-20T09:13:00Z,flow measure,NA,cubic feet/second (cfs)
132,Mill Creek,Mill Creek RST,Mill Creek RST,2024-01-13T09:00:00Z,water temperature,8,fahrenheit (f)
134,Mill Creek,Mill Creek RST,Mill Creek RST,2024-01-13T09:00:00Z,flow measure,NA,cubic feet/second (cfs)
153,Mill Creek,Mill Creek RST,Mill Creek RST,2024-01-24T09:30:00Z,water temperature,12,fahrenheit (f)
154,Mill Creek,Mill Creek RST,Mill Creek RST,2024-01-24T09:30:00Z,flow measure,582,cubic feet/second (cfs)
173,Mill Creek,Mill Creek RST,Mill Creek RST,2024-01-30T00:00:00Z,water temperature,12,fahrenheit (f)
174,Mill Creek,Mill Creek RST,Mill Creek RST,2024-01-30T00:00:00Z,flow measure,NA,cubic feet/second (cfs)
188,Deer Creek,Deer Creek RST,Deer Creek RST,2024-03-13T12:23:00Z,water temperature,9,fahrenheit (f)
192,Deer Creek,Deer Creek RST,Deer Creek RST,2024-03-13T12:23:00Z,flow measure,NA,cubic feet/second (cfs)
213,Deer Creek,Deer Creek RST,Deer Creek RST,2024-03-18T01:35:00Z,water temperature,1,fahrenheit (f)
214,Deer Creek,Deer Creek RST,Deer Creek RST,2024-03-18T01:35:00Z,flow measure,NA,cubic feet/second (cfs)
231,Mill Creek,Mill Creek RST,Mill Creek RST,2024-03-07T12:10:00Z,water temperature,11,fahrenheit (f)
232,Mill Creek,Mill Creek RST,Mill Creek RST,2024-03-07T12:10:00Z,flow measure,NA,cubic feet/second (cfs)
255,Deer Creek,Deer Creek RST,Deer Creek RST,2024-03-29T11:30:00Z,water temperature,9,fahrenheit (f)
256,Deer Creek,Deer Creek RST,Deer Creek RST,2024-03-29T11:30:00Z,flow measure,NA,cubic feet/second (cfs)
274,Mill Creek,Mill Creek RST,Mill Creek RST,2024-03-17T10:40:00Z,water temperature,12,fahrenheit (f)
275,Mill Creek,Mill Creek RST,Mill Creek RST,2024-03-17T10:40:00Z,flow measure,NA,cubic feet/second (cfs)
295,Mill Creek,Mill Creek RST,Mill Creek RST,2024-03-22T09:37:00Z,water temperature,13,fahrenheit (f)
296,Mill Creek,Mill Creek RST,Mill Creek RST,2024-03-22T09:37:00Z,flow measure,NA,cubic feet/second (cfs)
315,Deer Creek,Deer Creek RST,Deer Creek RST,2024-04-16T10:41:00Z,water temperature,11,fahrenheit (f)
316,Deer Creek,Deer Creek RST,Deer Creek RST,2024-04-16T10:41:00Z,flow measure,NA,cubic feet/second (cfs)
331,Deer Creek,Deer Creek RST,Deer Creek RST,2024-04-21T02:10:00Z,water temperature,13,fahrenheit (f)
332,Deer Creek,Deer Creek RST,Deer Creek RST,2024-04-21T02:10:00Z,flow measure,NA,cubic feet/second (cfs)
351,Deer Creek,Deer Creek RST,Deer Creek RST,2024-04-24T11:21:00Z,water temperature,NA,fahrenheit (f)
352,Deer Creek,Deer Creek RST,Deer Creek RST,2024-04-24T11:21:00Z,flow measure,NA,cubic feet/second (cfs)
371,Deer Creek,Deer Creek RST,Deer Creek RST,2024-04-30T09:30:00Z,water temperature,11,fahrenheit (f)
372,Deer Creek,Deer Creek RST,Deer Creek RST,2024-04-30T09:30:00Z,flow measure,503,cubic feet/second (cfs)
391,Mill Creek,Mill Creek RST,Mill Creek RST,2024-04-17T10:30:00Z,water temperature,14,fahrenheit (f)
392,Mill Creek,Mill Creek RST,Mill Creek RST,2024-04-17T10:30:00Z,flow measure,NA,cubic feet/second (cfs)
413,Deer Creek,Deer Creek RST,Deer Creek RST,2024-05-13T10:16:00Z,water temperature,15,fahrenheit (f)
414,Deer Creek,Deer Creek RST,Deer Creek RST,2024-05-13T10:16:00Z,flow measure,NA,cubic feet/second (cfs)
433,Deer Creek,Deer Creek RST,Deer Creek RST,2024-05-18T08:30:00Z,water temperature,11,fahrenheit (f)
434,Deer Creek,Deer Creek RST,Deer Creek RST,2024-05-18T08:30:00Z,flow measure,NA,cubic feet/second (cfs)
454,Deer Creek,Deer Creek RST,Deer Creek RST,2024-05-31T01:40:00Z,water temperature,18,fahrenheit (f)
458,Deer Creek,Deer Creek RST,Deer Creek RST,2024-05-31T01:40:00Z,flow measure,NA,cubic feet/second (cfs)
473,Deer Creek,Deer Creek RST,Deer Creek RST,2024-06-11T11:03:00Z,water temperature,21,fahrenheit (f)
474,Deer Creek,Deer Creek RST,Deer Creek RST,2024-06-11T11:03:00Z,flow measure,NA,cubic feet/second (cfs)
493,Mill Creek,Mill Creek RST,Mill Creek RST,2024-05-16T09:14:00Z,water temperature,14,fahrenheit (f)
494,Mill Creek,Mill Creek RST,Mill Creek RST,2024-05-16T09:14:00Z,flow measure,NA,cubic feet/second (cfs)
509,Mill Creek,Mill Creek RST,Mill Creek RST,2024-06-13T10:50:00Z,water temperature,21,fahrenheit (f)
510,Mill Creek,Mill Creek RST,Mill Creek RST,2024-06-13T10:50:00Z,flow measure,NA,cubic feet/second (cfs)
135,Deer Creek,Deer Creek RST,Deer Creek RST,2024-02-12T12:00:00Z,water temperature,8,fahrenheit (f)
136,Deer Creek,Deer Creek RST,Deer Creek RST,2024-02-12T12:00:00Z,flow measure,NA,cubic feet/second (cfs)
137,Deer Creek,Deer Creek RST,Deer Creek RST,2024-02-13T11:00:00Z,water temperature,8,fahrenheit (f)
138,Deer Creek,Deer Creek RST,Deer Creek RST,2024-02-13T11:00:00Z,flow measure,NA,cubic feet/second (cfs)
139,Mill Creek,Mill Creek RST,Mill Creek RST,2024-01-17T11:00:00Z,water temperature,10,fahrenheit (f)
140,Mill Creek,Mill Creek RST,Mill Creek RST,2024-01-17T11:00:00Z,flow measure,NA,cubic feet/second (cfs)
141,Mill Creek,Mill Creek RST,Mill Creek RST,2024-01-18T10:00:00Z,water temperature,11,fahrenheit (f)
142,Mill Creek,Mill Creek RST,Mill Creek RST,2024-01-18T10:00:00Z,flow measure,NA,cubic feet/second (cfs)
155,Mill Creek,Mill Creek RST,Mill Creek RST,2024-01-25T00:00:00Z,water temperature,12,fahrenheit (f)
156,Mill Creek,Mill Creek RST,Mill Creek RST,2024-01-25T00:00:00Z,flow measure,784,cubic feet/second (cfs)
157,Mill Creek,Mill Creek RST,Mill Creek RST,2024-01-24T01:30:00Z,water temperature,12,fahrenheit (f)
158,Mill Creek,Mill Creek RST,Mill Creek RST,2024-01-24T01:30:00Z,flow measure,NA,cubic feet/second (cfs)
159,Deer Creek,Deer Creek RST,Deer Creek RST,2024-02-29T11:15:00Z,water temperature,9,fahrenheit (f)
160,Deer Creek,Deer Creek RST,Deer Creek RST,2024-02-29T11:15:00Z,flow measure,458,cubic feet/second (cfs)
161,Mill Creek,Mill Creek RST,Mill Creek RST,2024-01-28T11:30:00Z,water temperature,14,fahrenheit (f)
162,Mill Creek,Mill Creek RST,Mill Creek RST,2024-01-28T11:30:00Z,flow measure,491,cubic feet/second (cfs)
175,Deer Creek,Deer Creek RST,Deer Creek RST,2024-03-08T09:30:00Z,water temperature,9,fahrenheit (f)
176,Deer Creek,Deer Creek RST,Deer Creek RST,2024-03-08T09:30:00Z,flow measure,NA,cubic feet/second (cfs)
177,Deer Creek,Deer Creek RST,Deer Creek RST,2024-03-09T09:30:00Z,water temperature,9,fahrenheit (f)
178,Deer Creek,Deer Creek RST,Deer Creek RST,2024-03-09T09:30:00Z,flow measure,607,cubic feet/second (cfs)
179,Mill Creek,Mill Creek RST,Mill Creek RST,2024-02-07T13:30:00Z,water temperature,11,fahrenheit (f)
180,Mill Creek,Mill Creek RST,Mill Creek RST,2024-02-07T13:30:00Z,flow measure,NA,cubic feet/second (cfs)
181,Mill Creek,Mill Creek RST,Mill Creek RST,2024-01-31T08:30:00Z,water temperature,13,fahrenheit (f)
182,Mill Creek,Mill Creek RST,Mill Creek RST,2024-01-31T08:30:00Z,flow measure,NA,cubic feet/second (cfs)
195,Deer Creek,Deer Creek RST,Deer Creek RST,2024-03-14T10:00:00Z,water temperature,8,fahrenheit (f)
196,Deer Creek,Deer Creek RST,Deer Creek RST,2024-03-14T10:00:00Z,flow measure,NA,cubic feet/second (cfs)
197,Mill Creek,Mill Creek RST,Mill Creek RST,2024-02-12T10:00:00Z,water temperature,NA,fahrenheit (f)
198,Mill Creek,Mill Creek RST,Mill Creek RST,2024-02-12T10:00:00Z,flow measure,NA,cubic feet/second (cfs)
199,Mill Creek,Mill Creek RST,Mill Creek RST,2024-02-13T09:40:00Z,water temperature,11,fahrenheit (f)
200,Mill Creek,Mill Creek RST,Mill Creek RST,2024-02-13T09:40:00Z,flow measure,NA,cubic feet/second (cfs)
201,Deer Creek,Deer Creek RST,Deer Creek RST,2024-03-15T09:08:00Z,water temperature,8,fahrenheit (f)
204,Deer Creek,Deer Creek RST,Deer Creek RST,2024-03-15T09:08:00Z,flow measure,NA,cubic feet/second (cfs)
215,Mill Creek,Mill Creek RST,Mill Creek RST,2024-02-23T10:15:00Z,water temperature,11,fahrenheit (f)
216,Mill Creek,Mill Creek RST,Mill Creek RST,2024-02-23T10:15:00Z,flow measure,NA,cubic feet/second (cfs)
217,Deer Creek,Deer Creek RST,Deer Creek RST,2024-03-20T09:00:00Z,water temperature,10,fahrenheit (f)
218,Deer Creek,Deer Creek RST,Deer Creek RST,2024-03-20T09:00:00Z,flow measure,NA,cubic feet/second (cfs)
223,Deer Creek,Deer Creek RST,Deer Creek RST,2024-03-19T12:25:00Z,water temperature,11,fahrenheit (f)
224,Deer Creek,Deer Creek RST,Deer Creek RST,2024-03-19T12:25:00Z,flow measure,NA,cubic feet/second (cfs)
225,Mill Creek,Mill Creek RST,Mill Creek RST,2024-02-29T00:00:00Z,water temperature,12,fahrenheit (f)
226,Mill Creek,Mill Creek RST,Mill Creek RST,2024-02-29T00:00:00Z,flow measure,NA,cubic feet/second (cfs)
235,Deer Creek,Deer Creek RST,Deer Creek RST,2024-03-25T13:15:00Z,water temperature,10,fahrenheit (f)
236,Deer Creek,Deer Creek RST,Deer Creek RST,2024-03-25T13:15:00Z,flow measure,NA,cubic feet/second (cfs)
237,Deer Creek,Deer Creek RST,Deer Creek RST,2024-03-24T09:02:00Z,water temperature,9,fahrenheit (f)
238,Deer Creek,Deer Creek RST,Deer Creek RST,2024-03-24T09:02:00Z,flow measure,NA,cubic feet/second (cfs)
243,Deer Creek,Deer Creek RST,Deer Creek RST,2024-03-27T10:40:00Z,water temperature,10,fahrenheit (f)
244,Deer Creek,Deer Creek RST,Deer Creek RST,2024-03-27T10:40:00Z,flow measure,NA,cubic feet/second (cfs)
245,Mill Creek,Mill Creek RST,Mill Creek RST,2024-03-09T11:40:00Z,water temperature,11,fahrenheit (f)
246,Mill Creek,Mill Creek RST,Mill Creek RST,2024-03-09T11:40:00Z,flow measure,421,cubic feet/second (cfs)
251,Mill Creek,Mill Creek RST,Mill Creek RST,2024-03-12T00:00:00Z,water temperature,11,fahrenheit (f)
252,Mill Creek,Mill Creek RST,Mill Creek RST,2024-03-12T00:00:00Z,flow measure,NA,cubic feet/second (cfs)
257,Deer Creek,Deer Creek RST,Deer Creek RST,2024-03-30T09:25:00Z,water temperature,NA,fahrenheit (f)
258,Deer Creek,Deer Creek RST,Deer Creek RST,2024-03-30T09:25:00Z,flow measure,716,cubic feet/second (cfs)
263,Mill Creek,Mill Creek RST,Mill Creek RST,2024-03-14T00:00:00Z,water temperature,11,fahrenheit (f)
264,Mill Creek,Mill Creek RST,Mill Creek RST,2024-03-14T00:00:00Z,flow measure,NA,cubic feet/second (cfs)
269,Deer Creek,Deer Creek RST,Deer Creek RST,2024-04-02T10:25:00Z,water temperature,12,fahrenheit (f)
270,Deer Creek,Deer Creek RST,Deer Creek RST,2024-04-02T10:25:00Z,flow measure,NA,cubic feet/second (cfs)
271,Deer Creek,Deer Creek RST,Deer Creek RST,2024-04-03T08:54:00Z,water temperature,11,fahrenheit (f)
272,Deer Creek,Deer Creek RST,Deer Creek RST,2024-04-03T08:54:00Z,flow measure,NA,cubic feet/second (cfs)
277,Mill Creek,Mill Creek RST,Mill Creek RST,2024-03-19T09:30:00Z,water temperature,13,fahrenheit (f)
278,Mill Creek,Mill Creek RST,Mill Creek RST,2024-03-19T09:30:00Z,flow measure,NA,cubic feet/second (cfs)
287,Mill Creek,Mill Creek RST,Mill Creek RST,2024-03-18T11:50:00Z,water temperature,13,fahrenheit (f)
288,Mill Creek,Mill Creek RST,Mill Creek RST,2024-03-18T11:50:00Z,flow measure,NA,cubic feet/second (cfs)
289,Mill Creek,Mill Creek RST,Mill Creek RST,2024-03-20T10:45:00Z,water temperature,13,fahrenheit (f)
290,Mill Creek,Mill Creek RST,Mill Creek RST,2024-03-20T10:45:00Z,flow measure,NA,cubic feet/second (cfs)
291,Deer Creek,Deer Creek RST,Deer Creek RST,2024-04-09T11:00:00Z,water temperature,NA,fahrenheit (f)
292,Deer Creek,Deer Creek RST,Deer Creek RST,2024-04-09T11:00:00Z,flow measure,NA,cubic feet/second (cfs)
297,Mill Creek,Mill Creek RST,Mill Creek RST,2024-03-24T11:00:00Z,water temperature,11,fahrenheit (f)
298,Mill Creek,Mill Creek RST,Mill Creek RST,2024-03-24T11:00:00Z,flow measure,NA,cubic feet/second (cfs)
307,Mill Creek,Mill Creek RST,Mill Creek RST,2024-03-28T10:18:00Z,water temperature,11,fahrenheit (f)
308,Mill Creek,Mill Creek RST,Mill Creek RST,2024-03-28T10:18:00Z,flow measure,NA,cubic feet/second (cfs)
309,Mill Creek,Mill Creek RST,Mill Creek RST,2024-03-26T11:08:00Z,water temperature,12,fahrenheit (f)
310,Mill Creek,Mill Creek RST,Mill Creek RST,2024-03-26T11:08:00Z,flow measure,NA,cubic feet/second (cfs)
313,Deer Creek,Deer Creek RST,Deer Creek RST,2024-04-15T10:00:00Z,water temperature,10,fahrenheit (f)
314,Deer Creek,Deer Creek RST,Deer Creek RST,2024-04-15T10:00:00Z,flow measure,NA,cubic feet/second (cfs)
317,Mill Creek,Mill Creek RST,Mill Creek RST,2024-03-29T08:49:00Z,water temperature,11,fahrenheit (f)
318,Mill Creek,Mill Creek RST,Mill Creek RST,2024-03-29T08:49:00Z,flow measure,NA,cubic feet/second (cfs)
327,Mill Creek,Mill Creek RST,Mill Creek RST,2024-03-31T11:00:00Z,water temperature,12,fahrenheit (f)
328,Mill Creek,Mill Creek RST,Mill Creek RST,2024-03-31T11:00:00Z,flow measure,491,cubic feet/second (cfs)
333,Mill Creek,Mill Creek RST,Mill Creek RST,2024-04-01T11:26:00Z,water temperature,12,fahrenheit (f)
334,Mill Creek,Mill Creek RST,Mill Creek RST,2024-04-01T11:26:00Z,flow measure,444,cubic feet/second (cfs)
335,Deer Creek,Deer Creek RST,Deer Creek RST,2024-04-20T01:00:00Z,water temperature,9,fahrenheit (f)
336,Deer Creek,Deer Creek RST,Deer Creek RST,2024-04-20T01:00:00Z,flow measure,NA,cubic feet/second (cfs)
337,Mill Creek,Mill Creek RST,Mill Creek RST,2024-04-03T10:11:00Z,water temperature,13,fahrenheit (f)
338,Mill Creek,Mill Creek RST,Mill Creek RST,2024-04-03T10:11:00Z,flow measure,NA,cubic feet/second (cfs)
347,Deer Creek,Deer Creek RST,Deer Creek RST,2024-04-25T12:07:00Z,water temperature,13,fahrenheit (f)
348,Deer Creek,Deer Creek RST,Deer Creek RST,2024-04-25T12:07:00Z,flow measure,621,cubic feet/second (cfs)
353,Mill Creek,Mill Creek RST,Mill Creek RST,2024-04-08T02:01:00Z,water temperature,13,fahrenheit (f)
354,Mill Creek,Mill Creek RST,Mill Creek RST,2024-04-08T02:01:00Z,flow measure,NA,cubic feet/second (cfs)
357,Deer Creek,Deer Creek RST,Deer Creek RST,2024-04-26T09:50:00Z,water temperature,12,fahrenheit (f)
358,Deer Creek,Deer Creek RST,Deer Creek RST,2024-04-26T09:50:00Z,flow measure,NA,cubic feet/second (cfs)
361,Mill Creek,Mill Creek RST,Mill Creek RST,2024-04-07T09:00:00Z,water temperature,11,fahrenheit (f)
362,Mill Creek,Mill Creek RST,Mill Creek RST,2024-04-07T09:00:00Z,flow measure,NA,cubic feet/second (cfs)
367,Mill Creek,Mill Creek RST,Mill Creek RST,2024-04-11T09:00:00Z,water temperature,14,fahrenheit (f)
368,Mill Creek,Mill Creek RST,Mill Creek RST,2024-04-11T09:00:00Z,flow measure,NA,cubic feet/second (cfs)
373,Deer Creek,Deer Creek RST,Deer Creek RST,2024-05-01T09:13:00Z,water temperature,11,fahrenheit (f)
374,Deer Creek,Deer Creek RST,Deer Creek RST,2024-05-01T09:13:00Z,flow measure,470,cubic feet/second (cfs)
379,Deer Creek,Deer Creek RST,Deer Creek RST,2024-05-02T11:49:00Z,water temperature,NA,fahrenheit (f)
380,Deer Creek,Deer Creek RST,Deer Creek RST,2024-05-02T11:49:00Z,flow measure,NA,cubic feet/second (cfs)
381,Mill Creek,Mill Creek RST,Mill Creek RST,2024-04-14T10:05:00Z,water temperature,13,fahrenheit (f)
382,Mill Creek,Mill Creek RST,Mill Creek RST,2024-04-14T10:05:00Z,flow measure,NA,cubic feet/second (cfs)
387,Deer Creek,Deer Creek RST,Deer Creek RST,2024-05-06T05:13:00Z,water temperature,13,fahrenheit (f)
388,Deer Creek,Deer Creek RST,Deer Creek RST,2024-05-06T05:13:00Z,flow measure,NA,cubic feet/second (cfs)
393,Deer Creek,Deer Creek RST,Deer Creek RST,2024-05-09T01:30:00Z,water temperature,13,fahrenheit (f)
394,Deer Creek,Deer Creek RST,Deer Creek RST,2024-05-09T01:30:00Z,flow measure,NA,cubic feet/second (cfs)
399,Mill Creek,Mill Creek RST,Mill Creek RST,2024-04-18T10:25:00Z,water temperature,15,fahrenheit (f)
400,Mill Creek,Mill Creek RST,Mill Creek RST,2024-04-18T10:25:00Z,flow measure,NA,cubic feet/second (cfs)
401,Mill Creek,Mill Creek RST,Mill Creek RST,2024-04-20T09:30:00Z,water temperature,15,fahrenheit (f)
402,Mill Creek,Mill Creek RST,Mill Creek RST,2024-04-20T09:30:00Z,flow measure,NA,cubic feet/second (cfs)
407,Mill Creek,Mill Creek RST,Mill Creek RST,2024-04-21T09:40:00Z,water temperature,15,fahrenheit (f)
408,Mill Creek,Mill Creek RST,Mill Creek RST,2024-04-21T09:40:00Z,flow measure,720,cubic feet/second (cfs)
411,Mill Creek,Mill Creek RST,Mill Creek RST,2024-04-22T12:00:00Z,water temperature,16,fahrenheit (f)
412,Mill Creek,Mill Creek RST,Mill Creek RST,2024-04-22T12:00:00Z,flow measure,NA,cubic feet/second (cfs)
423,Deer Creek,Deer Creek RST,Deer Creek RST,2024-05-15T08:50:00Z,water temperature,14,fahrenheit (f)
424,Deer Creek,Deer Creek RST,Deer Creek RST,2024-05-15T08:50:00Z,flow measure,NA,cubic feet/second (cfs)
425,Mill Creek,Mill Creek RST,Mill Creek RST,2024-04-24T00:00:00Z,water temperature,16,fahrenheit (f)
426,Mill Creek,Mill Creek RST,Mill Creek RST,2024-04-24T00:00:00Z,flow measure,NA,cubic feet/second (cfs)
427,Deer Creek,Deer Creek RST,Deer Creek RST,2024-05-16T00:00:00Z,water temperature,NA,fahrenheit (f)
428,Deer Creek,Deer Creek RST,Deer Creek RST,2024-05-16T00:00:00Z,flow measure,NA,cubic feet/second (cfs)
431,Mill Creek,Mill Creek RST,Mill Creek RST,2024-04-27T11:30:00Z,water temperature,13,fahrenheit (f)
432,Mill Creek,Mill Creek RST,Mill Creek RST,2024-04-27T11:30:00Z,flow measure,NA,cubic feet/second (cfs)
443,Deer Creek,Deer Creek RST,Deer Creek RST,2024-05-22T10:15:00Z,water temperature,13,fahrenheit (f)
444,Deer Creek,Deer Creek RST,Deer Creek RST,2024-05-22T10:15:00Z,flow measure,NA,cubic feet/second (cfs)
445,Mill Creek,Mill Creek RST,Mill Creek RST,2024-05-01T11:04:00Z,water temperature,13,fahrenheit (f)
446,Mill Creek,Mill Creek RST,Mill Creek RST,2024-05-01T11:04:00Z,flow measure,541,cubic feet/second (cfs)
447,Deer Creek,Deer Creek RST,Deer Creek RST,2024-05-22T10:00:00Z,water temperature,14,fahrenheit (f)
448,Deer Creek,Deer Creek RST,Deer Creek RST,2024-05-22T10:00:00Z,flow measure,NA,cubic feet/second (cfs)
451,Mill Creek,Mill Creek RST,Mill Creek RST,2024-05-03T11:41:00Z,water temperature,12,fahrenheit (f)
452,Mill Creek,Mill Creek RST,Mill Creek RST,2024-05-03T11:41:00Z,flow measure,NA,cubic feet/second (cfs)
471,Mill Creek,Mill Creek RST,Mill Creek RST,2024-05-09T10:00:00Z,water temperature,14,fahrenheit (f)
472,Mill Creek,Mill Creek RST,Mill Creek RST,2024-05-09T10:00:00Z,flow measure,502,cubic feet/second (cfs)
489,Mill Creek,Mill Creek RST,Mill Creek RST,2024-05-17T10:55:00Z,water temperature,NA,fahrenheit (f)
490,Mill Creek,Mill Creek RST,Mill Creek RST,2024-05-17T10:55:00Z,flow measure,NA,cubic feet/second (cfs)
507,Mill Creek,Mill Creek RST,Mill Creek RST,2024-06-11T09:00:00Z,water temperature,19,fahrenheit (f)
508,Mill Creek,Mill Creek RST,Mill Creek RST,2024-06-11T09:00:00Z,flow measure,NA,cubic feet/second (cfs)
845,Mill Creek,Mill Creek RST,Mill Creek RST,2024-12-13T07:47:23Z,flow measure,NA,cubic feet/second (cfs)
846,Mill Creek,Mill Creek RST,Mill Creek RST,2024-12-13T07:47:23Z,water temperature,8,celsius (c)
847,Mill Creek,Mill Creek RST,Mill Creek RST,2024-12-13T07:47:23Z,water turbidity,NA,nephelometric turbidity units (NTU)
463,Mill Creek,Mill Creek RST,Mill Creek RST,2024-05-07T09:36:00Z,water temperature,14,fahrenheit (f)
464,Mill Creek,Mill Creek RST,Mill Creek RST,2024-05-07T09:36:00Z,flow measure,NA,cubic feet/second (cfs)
483,Deer Creek,Deer Creek RST,Deer Creek RST,2024-06-07T11:02:00Z,water temperature,21,fahrenheit (f)
484,Deer Creek,Deer Creek RST,Deer Creek RST,2024-06-07T11:02:00Z,flow measure,NA,cubic feet/second (cfs)
503,Mill Creek,Mill Creek RST,Mill Creek RST,2024-06-06T09:16:00Z,water temperature,20,fahrenheit (f)
504,Mill Creek,Mill Creek RST,Mill Creek RST,2024-06-06T09:16:00Z,flow measure,NA,cubic feet/second (cfs)
523,Mill Creek,Mill Creek RST,Mill Creek RST,2024-06-19T09:00:00Z,water temperature,18,fahrenheit (f)
524,Mill Creek,Mill Creek RST,Mill Creek RST,2024-06-19T09:00:00Z,flow measure,NA,cubic feet/second (cfs)
848,Mill Creek,Mill Creek RST,Mill Creek RST,2024-12-12T09:29:30Z,flow measure,NA,cubic feet/second (cfs)
849,Mill Creek,Mill Creek RST,Mill Creek RST,2024-12-12T09:29:30Z,water temperature,7,celsius (c)
850,Mill Creek,Mill Creek RST,Mill Creek RST,2024-12-12T09:29:30Z,water turbidity,NA,nephelometric turbidity units (NTU)
465,Mill Creek,Mill Creek RST,Mill Creek RST,2024-05-08T09:03:00Z,water temperature,14,fahrenheit (f)
466,Mill Creek,Mill Creek RST,Mill Creek RST,2024-05-08T09:03:00Z,flow measure,523,cubic feet/second (cfs)
487,Mill Creek,Mill Creek RST,Mill Creek RST,2024-05-21T10:15:00Z,water temperature,NA,fahrenheit (f)
488,Mill Creek,Mill Creek RST,Mill Creek RST,2024-05-21T10:15:00Z,flow measure,NA,cubic feet/second (cfs)
511,Mill Creek,Mill Creek RST,Mill Creek RST,2024-06-07T09:14:00Z,water temperature,20,fahrenheit (f)
512,Mill Creek,Mill Creek RST,Mill Creek RST,2024-06-07T09:14:00Z,flow measure,NA,cubic feet/second (cfs)
467,Deer Creek,Deer Creek RST,Deer Creek RST,2024-06-05T12:56:00Z,water temperature,20,fahrenheit (f)
468,Deer Creek,Deer Creek RST,Deer Creek RST,2024-06-05T12:56:00Z,flow measure,NA,cubic feet/second (cfs)
491,Mill Creek,Mill Creek RST,Mill Creek RST,2024-05-20T10:20:00Z,water temperature,15,fahrenheit (f)
492,Mill Creek,Mill Creek RST,Mill Creek RST,2024-05-20T10:20:00Z,flow measure,NA,cubic feet/second (cfs)
515,Mill Creek,Mill Creek RST,Mill Creek RST,2024-06-10T09:00:00Z,water temperature,19,fahrenheit (f)
516,Mill Creek,Mill Creek RST,Mill Creek RST,2024-06-10T09:00:00Z,flow measure,NA,cubic feet/second (cfs)
563,Deer Creek,Deer Creek RST,Deer Creek RST,2024-10-24T08:47:00Z,flow measure,NA,cubic feet/second (cfs)
564,Deer Creek,Deer Creek RST,Deer Creek RST,2024-10-24T08:47:00Z,water temperature,12,celsius (c)
565,Deer Creek,Deer Creek RST,Deer Creek RST,2024-10-24T08:47:00Z,water turbidity,NA,nephelometric turbidity units (NTU)
569,Deer Creek,Deer Creek RST,Deer Creek RST,2024-10-23T09:30:00Z,flow measure,NA,cubic feet/second (cfs)
570,Deer Creek,Deer Creek RST,Deer Creek RST,2024-10-23T09:30:00Z,water temperature,12,celsius (c)
571,Deer Creek,Deer Creek RST,Deer Creek RST,2024-10-23T09:30:00Z,water turbidity,NA,nephelometric turbidity units (NTU)
701,Mill Creek,Mill Creek RST,Mill Creek RST,2024-10-11T09:00:00Z,flow measure,109,cubic feet/second (cfs)
702,Mill Creek,Mill Creek RST,Mill Creek RST,2024-10-11T09:00:00Z,water temperature,16,celsius (c)
703,Mill Creek,Mill Creek RST,Mill Creek RST,2024-10-11T09:00:00Z,water turbidity,NA,nephelometric turbidity units (NTU)
713,Mill Creek,Mill Creek RST,Mill Creek RST,2024-10-09T09:18:00Z,flow measure,108,cubic feet/second (cfs)
714,Mill Creek,Mill Creek RST,Mill Creek RST,2024-10-09T09:18:00Z,water temperature,16,celsius (c)
715,Mill Creek,Mill Creek RST,Mill Creek RST,2024-10-09T09:18:00Z,water turbidity,NA,nephelometric turbidity units (NTU)
719,Mill Creek,Mill Creek RST,Mill Creek RST,2024-11-13T09:32:07Z,flow measure,NA,cubic feet/second (cfs)
720,Mill Creek,Mill Creek RST,Mill Creek RST,2024-11-13T09:32:07Z,water temperature,11,celsius (c)
721,Mill Creek,Mill Creek RST,Mill Creek RST,2024-11-13T09:32:07Z,water turbidity,NA,nephelometric turbidity units (NTU)
722,Mill Creek,Mill Creek RST,Mill Creek RST,2024-11-15T09:14:00Z,flow measure,NA,cubic feet/second (cfs)
723,Mill Creek,Mill Creek RST,Mill Creek RST,2024-11-15T09:14:00Z,water temperature,11,celsius (c)
724,Mill Creek,Mill Creek RST,Mill Creek RST,2024-11-15T09:14:00Z,water turbidity,NA,nephelometric turbidity units (NTU)
725,Mill Creek,Mill Creek RST,Mill Creek RST,2024-11-14T09:05:00Z,flow measure,137,cubic feet/second (cfs)
726,Mill Creek,Mill Creek RST,Mill Creek RST,2024-11-14T09:05:00Z,water temperature,10,celsius (c)
727,Mill Creek,Mill Creek RST,Mill Creek RST,2024-11-14T09:05:00Z,water turbidity,NA,nephelometric turbidity units (NTU)
728,Mill Creek,Mill Creek RST,Mill Creek RST,2024-11-15T09:14:00Z,flow measure,156,cubic feet/second (cfs)
729,Mill Creek,Mill Creek RST,Mill Creek RST,2024-11-15T09:14:00Z,water temperature,11,celsius (c)
730,Mill Creek,Mill Creek RST,Mill Creek RST,2024-11-15T09:14:00Z,water turbidity,NA,nephelometric turbidity units (NTU)
737,Mill Creek,Mill Creek RST,Mill Creek RST,2024-10-08T09:39:00Z,flow measure,108,cubic feet/second (cfs)
738,Mill Creek,Mill Creek RST,Mill Creek RST,2024-10-08T09:39:00Z,water temperature,16,celsius (c)
739,Mill Creek,Mill Creek RST,Mill Creek RST,2024-10-08T09:39:00Z,water turbidity,NA,nephelometric turbidity units (NTU)
740,Mill Creek,Mill Creek RST,Mill Creek RST,2024-10-10T09:00:00Z,flow measure,108,cubic feet/second (cfs)
741,Mill Creek,Mill Creek RST,Mill Creek RST,2024-10-10T09:00:00Z,water temperature,18,celsius (c)
742,Mill Creek,Mill Creek RST,Mill Creek RST,2024-10-10T09:00:00Z,water turbidity,NA,nephelometric turbidity units (NTU)
743,Mill Creek,Mill Creek RST,Mill Creek RST,2024-10-14T08:00:00Z,flow measure,111,cubic feet/second (cfs)
744,Mill Creek,Mill Creek RST,Mill Creek RST,2024-10-14T08:00:00Z,water temperature,14,celsius (c)
745,Mill Creek,Mill Creek RST,Mill Creek RST,2024-10-14T08:00:00Z,water turbidity,NA,nephelometric turbidity units (NTU)
746,Mill Creek,Mill Creek RST,Mill Creek RST,2024-10-15T10:13:00Z,flow measure,111,cubic feet/second (cfs)
747,Mill Creek,Mill Creek RST,Mill Creek RST,2024-10-15T10:13:00Z,water temperature,15,celsius (c)
748,Mill Creek,Mill Creek RST,Mill Creek RST,2024-10-15T10:13:00Z,water turbidity,NA,nephelometric turbidity units (NTU)
749,Mill Creek,Mill Creek RST,Mill Creek RST,2024-10-18T09:00:00Z,flow measure,115,cubic feet/second (cfs)
750,Mill Creek,Mill Creek RST,Mill Creek RST,2024-10-18T09:00:00Z,water temperature,12,celsius (c)
751,Mill Creek,Mill Creek RST,Mill Creek RST,2024-10-18T09:00:00Z,water turbidity,NA,nephelometric turbidity units (NTU)
752,Mill Creek,Mill Creek RST,Mill Creek RST,2024-10-16T08:45:00Z,flow measure,111,cubic feet/second (cfs)
753,Mill Creek,Mill Creek RST,Mill Creek RST,2024-10-16T08:45:00Z,water temperature,16,celsius (c)
754,Mill Creek,Mill Creek RST,Mill Creek RST,2024-10-16T08:45:00Z,water turbidity,NA,nephelometric turbidity units (NTU)
794,Mill Creek,Mill Creek RST,Mill Creek RST,2024-10-21T09:57:00Z,flow measure,111,cubic feet/second (cfs)
795,Mill Creek,Mill Creek RST,Mill Creek RST,2024-10-21T09:57:00Z,water temperature,16,celsius (c)
796,Mill Creek,Mill Creek RST,Mill Creek RST,2024-10-21T09:57:00Z,water turbidity,NA,nephelometric turbidity units (NTU)
797,Mill Creek,Mill Creek RST,Mill Creek RST,2024-10-23T11:15:00Z,flow measure,111,cubic feet/second (cfs)
798,Mill Creek,Mill Creek RST,Mill Creek RST,2024-10-23T11:15:00Z,water temperature,12,celsius (c)
799,Mill Creek,Mill Creek RST,Mill Creek RST,2024-10-23T11:15:00Z,water turbidity,NA,nephelometric turbidity units (NTU)
800,Mill Creek,Mill Creek RST,Mill Creek RST,2024-10-24T11:47:00Z,flow measure,111,cubic feet/second (cfs)
801,Mill Creek,Mill Creek RST,Mill Creek RST,2024-10-24T11:47:00Z,water temperature,14,celsius (c)
802,Mill Creek,Mill Creek RST,Mill Creek RST,2024-10-24T11:47:00Z,water turbidity,NA,nephelometric turbidity units (NTU)
803,Mill Creek,Mill Creek RST,Mill Creek RST,2024-10-25T17:27:23Z,flow measure,NA,cubic feet/second (cfs)
804,Mill Creek,Mill Creek RST,Mill Creek RST,2024-10-25T17:27:23Z,water temperature,12,celsius (c)
805,Mill Creek,Mill Creek RST,Mill Creek RST,2024-10-25T17:27:23Z,water turbidity,NA,nephelometric turbidity units (NTU)
806,Mill Creek,Mill Creek RST,Mill Creek RST,2024-10-28T12:03:00Z,flow measure,NA,cubic feet/second (cfs)
807,Mill Creek,Mill Creek RST,Mill Creek RST,2024-10-28T12:03:00Z,water temperature,13,celsius (c)
808,Mill Creek,Mill Creek RST,Mill Creek RST,2024-10-28T12:03:00Z,water turbidity,NA,nephelometric turbidity units (NTU)
809,Mill Creek,Mill Creek RST,Mill Creek RST,2024-10-29T07:23:50Z,flow measure,NA,cubic feet/second (cfs)
810,Mill Creek,Mill Creek RST,Mill Creek RST,2024-10-29T07:23:50Z,water temperature,11,celsius (c)
811,Mill Creek,Mill Creek RST,Mill Creek RST,2024-10-29T07:23:50Z,water turbidity,NA,nephelometric turbidity units (NTU)
812,Mill Creek,Mill Creek RST,Mill Creek RST,2024-10-30T14:47:00Z,flow measure,NA,cubic feet/second (cfs)
813,Mill Creek,Mill Creek RST,Mill Creek RST,2024-10-30T14:47:00Z,water temperature,11,celsius (c)
814,Mill Creek,Mill Creek RST,Mill Creek RST,2024-10-30T14:47:00Z,water turbidity,NA,nephelometric turbidity units (NTU)
815,Mill Creek,Mill Creek RST,Mill Creek RST,2024-11-05T07:55:41Z,flow measure,NA,cubic feet/second (cfs)
816,Mill Creek,Mill Creek RST,Mill Creek RST,2024-11-05T07:55:41Z,water temperature,10,celsius (c)
817,Mill Creek,Mill Creek RST,Mill Creek RST,2024-11-05T07:55:41Z,water turbidity,NA,nephelometric turbidity units (NTU)
860,Mill Creek,Mill Creek RST,Mill Creek RST,2024-12-13T12:08:28Z,flow measure,NA,cubic feet/second (cfs)
861,Mill Creek,Mill Creek RST,Mill Creek RST,2024-12-13T12:08:28Z,water temperature,8,celsius (c)
862,Mill Creek,Mill Creek RST,Mill Creek RST,2024-12-13T12:08:28Z,water turbidity,NA,nephelometric turbidity units (NTU)
866,Mill Creek,Mill Creek RST,Mill Creek RST,2024-12-10T08:57:00Z,flow measure,NA,cubic feet/second (cfs)
867,Mill Creek,Mill Creek RST,Mill Creek RST,2024-12-10T08:57:00Z,water temperature,11,celsius (c)
868,Mill Creek,Mill Creek RST,Mill Creek RST,2024-12-10T08:57:00Z,water turbidity,NA,nephelometric turbidity units (NTU)
818,Mill Creek,Mill Creek RST,Mill Creek RST,2024-11-05T18:10:36Z,flow measure,121,cubic feet/second (cfs)
819,Mill Creek,Mill Creek RST,Mill Creek RST,2024-11-05T18:10:36Z,water temperature,11,celsius (c)
820,Mill Creek,Mill Creek RST,Mill Creek RST,2024-11-05T18:10:36Z,water turbidity,NA,nephelometric turbidity units (NTU)
821,Mill Creek,Mill Creek RST,Mill Creek RST,2024-11-06T15:53:04Z,flow measure,NA,cubic feet/second (cfs)
822,Mill Creek,Mill Creek RST,Mill Creek RST,2024-11-06T15:53:04Z,water temperature,10,celsius (c)
823,Mill Creek,Mill Creek RST,Mill Creek RST,2024-11-06T15:53:04Z,water turbidity,NA,nephelometric turbidity units (NTU)
824,Mill Creek,Mill Creek RST,Mill Creek RST,2024-11-08T09:17:34Z,flow measure,113,cubic feet/second (cfs)
825,Mill Creek,Mill Creek RST,Mill Creek RST,2024-11-08T09:17:34Z,water temperature,9,celsius (c)
826,Mill Creek,Mill Creek RST,Mill Creek RST,2024-11-08T09:17:34Z,water turbidity,NA,nephelometric turbidity units (NTU)
872,Mill Creek,Mill Creek RST,Mill Creek RST,2024-12-17T09:45:00Z,flow measure,NA,cubic feet/second (cfs)
873,Mill Creek,Mill Creek RST,Mill Creek RST,2024-12-17T09:45:00Z,water temperature,8.5,celsius (c)
874,Mill Creek,Mill Creek RST,Mill Creek RST,2024-12-17T09:45:00Z,water turbidity,NA,nephelometric turbidity units (NTU)
