trap_visit_id,stream,site,trap_name,is_paper_entry,trap_visit_time_start,trap_visit_time_end,trap_visit_time_restart,fish_processed,why_fish_not_processed,sample_gear,cone_depth,trap_functioning,why_trap_not_functioning,trap_status_at_end,total_revolutions,rpm_at_start,rpm_at_end,in_half_cone_configuration,debris_volume_gal
2,Deer Creek,Deer Creek RST,Deer Creek RST,TRUE,2023-11-05T00:00:00Z,2023-11-06T09:50:00Z,2023-11-06T09:50:00Z,processed fish,NA,5 foot rst,NA,trap not functioning,not recorded,not recorded,NA,0.5,NA,FALSE,2
4,Deer Creek,Deer Creek RST,Deer Creek RST,TRUE,2023-12-04T00:00:00Z,2023-12-05T09:45:00Z,2023-12-05T09:45:00Z,processed fish,NA,5 foot rst,NA,trap functioning normally,NA,restart trap,NA,NA,NA,FALSE,2
6,Deer Creek,Deer Creek RST,Deer Creek RST,TRUE,2023-12-05T09:45:00Z,2023-12-07T09:15:00Z,2023-12-07T09:15:00Z,processed fish,NA,5 foot rst,NA,trap functioning normally,NA,restart trap,NA,3,NA,FALSE,NA
8,Deer Creek,Deer Creek RST,Deer Creek RST,TRUE,2023-12-07T09:15:00Z,2023-12-11T09:40:00Z,2023-12-11T09:40:00Z,processed fish,NA,5 foot rst,NA,trap functioning normally,NA,restart trap,NA,1,1.5,FALSE,15
10,Deer Creek,Deer Creek RST,Deer Creek RST,TRUE,2023-12-11T09:40:00Z,2023-12-13T09:00:00Z,2023-12-13T09:00:00Z,processed fish,NA,5 foot rst,NA,trap functioning normally,NA,restart trap,NA,0,NA,FALSE,25
12,Deer Creek,Deer Creek RST,Deer Creek RST,TRUE,2023-12-13T09:00:00Z,2023-12-19T02:00:00Z,2023-12-19T02:00:00Z,processed fish,NA,5 foot rst,NA,trap functioning normally,NA,restart trap,NA,NA,NA,FALSE,20
18,Deer Creek,Deer Creek RST,Deer Creek RST,TRUE,2023-12-19T02:00:00Z,2023-12-20T00:00:00Z,2023-12-20T00:00:00Z,processed fish,NA,5 foot rst,NA,trap functioning normally,NA,restart trap,NA,NA,5,FALSE,NA
14,Deer Creek,Deer Creek RST,Deer Creek RST,TRUE,2023-12-20T00:00:00Z,2023-12-21T09:00:00Z,2023-12-21T09:00:00Z,processed fish,NA,5 foot rst,NA,trap not functioning,not recorded,restart trap,NA,NA,NA,FALSE,5
16,Deer Creek,Deer Creek RST,Deer Creek RST,TRUE,2023-12-21T09:00:00Z,2023-12-21T12:00:00Z,2023-12-21T12:00:00Z,processed fish,NA,5 foot rst,NA,trap functioning normally,NA,restart trap,NA,NA,NA,FALSE,1
20,Deer Creek,Deer Creek RST,Deer Creek RST,TRUE,2023-12-21T12:00:00Z,2023-12-22T00:00:00Z,2023-12-22T00:00:00Z,processed fish,NA,5 foot rst,NA,trap functioning normally,NA,restart trap,NA,2.5,NA,FALSE,NA
22,Deer Creek,Deer Creek RST,Deer Creek RST,TRUE,2023-12-22T00:00:00Z,2023-12-29T00:00:00Z,2023-12-29T00:00:00Z,processed fish,NA,5 foot rst,NA,trap functioning normally,NA,restart trap,NA,6,6,FALSE,NA
24,Deer Creek,Deer Creek RST,Deer Creek RST,TRUE,2023-12-29T00:00:00Z,2024-01-03T09:00:00Z,2024-01-03T09:00:00Z,processed fish,NA,5 foot rst,NA,trap functioning normally,NA,restart trap,NA,4,NA,FALSE,30
26,Deer Creek,Deer Creek RST,Deer Creek RST,TRUE,2024-01-03T09:00:00Z,2024-01-04T11:51:00Z,2024-01-04T11:51:00Z,processed fish,NA,5 foot rst,NA,trap functioning normally,NA,restart trap,NA,65,NA,FALSE,2
29,Deer Creek,Deer Creek RST,Deer Creek RST,TRUE,2024-01-04T11:51:00Z,2024-01-05T00:00:00Z,2024-01-05T00:00:00Z,processed fish,NA,5 foot rst,NA,trap functioning normally,NA,restart trap,6,6,6,FALSE,2
32,Deer Creek,Deer Creek RST,Deer Creek RST,TRUE,2024-01-05T00:00:00Z,2024-01-10T10:00:00Z,2024-01-10T10:00:00Z,processed fish,NA,5 foot rst,NA,trap functioning normally,NA,restart trap,NA,NA,NA,FALSE,1
31,Deer Creek,Deer Creek RST,Deer Creek RST,TRUE,2024-01-10T10:00:00Z,2024-01-11T09:43:00Z,2024-01-11T09:43:00Z,processed fish,NA,5 foot rst,NA,trap functioning normally,NA,restart trap,NA,4,4,FALSE,1
34,Deer Creek,Deer Creek RST,Deer Creek RST,TRUE,2024-01-11T09:43:00Z,2024-01-12T09:00:00Z,2024-01-12T09:00:00Z,processed fish,NA,5 foot rst,NA,trap functioning normally,NA,restart trap,NA,2.5,2.5,FALSE,1
36,Deer Creek,Deer Creek RST,Deer Creek RST,TRUE,2024-01-12T09:00:00Z,2024-01-14T00:00:00Z,2024-01-14T00:00:00Z,processed fish,NA,5 foot rst,NA,trap functioning normally,NA,restart trap,NA,7.5,NA,FALSE,4
38,Deer Creek,Deer Creek RST,Deer Creek RST,TRUE,2024-01-14T00:00:00Z,2024-01-17T09:30:00Z,2024-01-17T09:30:00Z,processed fish,NA,5 foot rst,NA,trap functioning normally,NA,restart trap,NA,8,6,FALSE,5
40,Deer Creek,Deer Creek RST,Deer Creek RST,TRUE,2024-01-17T09:30:00Z,2024-01-18T11:42:00Z,2024-01-18T11:42:00Z,processed fish,NA,5 foot rst,NA,trap functioning normally,NA,restart trap,NA,NA,NA,FALSE,5
45,Deer Creek,Deer Creek RST,Deer Creek RST,TRUE,2024-01-18T11:42:00Z,2024-01-19T11:00:00Z,NA,processed fish,NA,5 foot rst,NA,trap functioning normally,NA,end trapping,NA,4.5,NA,FALSE,1
48,Deer Creek,Deer Creek RST,Deer Creek RST,TRUE,2024-01-25T10:00:00Z,2024-01-25T10:00:00Z,2024-01-25T10:00:00Z,processed fish,NA,5 foot rst,NA,trap functioning normally,NA,restart trap,NA,NA,NA,FALSE,5
50,Deer Creek,Deer Creek RST,Deer Creek RST,TRUE,2024-01-25T10:00:00Z,2024-01-26T09:00:00Z,2024-01-26T09:00:00Z,processed fish,NA,5 foot rst,NA,trap functioning normally,NA,restart trap,NA,3,2.5,FALSE,3
52,Deer Creek,Deer Creek RST,Deer Creek RST,TRUE,2024-01-26T09:00:00Z,2024-01-27T09:00:00Z,2024-01-27T09:00:00Z,processed fish,NA,5 foot rst,NA,trap functioning normally,NA,restart trap,NA,1,NA,FALSE,3
54,Deer Creek,Deer Creek RST,Deer Creek RST,TRUE,2024-01-27T09:00:00Z,2024-01-28T10:00:00Z,2024-01-28T10:00:00Z,processed fish,NA,5 foot rst,NA,trap functioning normally,NA,restart trap,NA,6,NA,FALSE,NA
59,Deer Creek,Deer Creek RST,Deer Creek RST,TRUE,2024-01-28T10:00:00Z,2024-01-29T09:30:00Z,2024-01-29T09:30:00Z,processed fish,NA,5 foot rst,NA,trap functioning normally,NA,restart trap,NA,3,3,FALSE,1
57,Deer Creek,Deer Creek RST,Deer Creek RST,TRUE,2024-01-29T09:30:00Z,2024-01-30T12:15:00Z,2024-01-30T12:15:00Z,processed fish,NA,5 foot rst,NA,trap functioning normally,NA,restart trap,NA,3.5,NA,FALSE,NA
60,Deer Creek,Deer Creek RST,Deer Creek RST,TRUE,2024-01-30T12:15:00Z,2024-01-31T10:00:00Z,NA,processed fish,NA,5 foot rst,NA,trap functioning normally,NA,end trapping,NA,3.5,0,FALSE,NA
62,Deer Creek,Deer Creek RST,Deer Creek RST,TRUE,2024-02-09T09:30:00Z,2024-02-09T09:30:00Z,2024-02-09T09:30:00Z,processed fish,NA,5 foot rst,NA,trap functioning normally,NA,restart trap,NA,NA,NA,FALSE,2
64,Deer Creek,Deer Creek RST,Deer Creek RST,TRUE,2024-02-09T09:30:00Z,2024-02-10T11:17:00Z,2024-02-10T11:17:00Z,processed fish,NA,5 foot rst,NA,trap functioning normally,NA,restart trap,NA,4,4,FALSE,2
66,Deer Creek,Deer Creek RST,Deer Creek RST,TRUE,2024-02-10T11:17:00Z,2024-02-11T11:34:00Z,2024-02-11T11:34:00Z,processed fish,NA,5 foot rst,NA,trap functioning normally,NA,restart trap,NA,4,4,FALSE,5
68,Deer Creek,Deer Creek RST,Deer Creek RST,TRUE,2024-02-11T11:34:00Z,2024-02-12T12:00:00Z,2024-02-12T12:00:00Z,processed fish,NA,5 foot rst,NA,trap functioning normally,NA,restart trap,NA,5,5,FALSE,1
70,Deer Creek,Deer Creek RST,Deer Creek RST,TRUE,2024-02-12T12:00:00Z,2024-02-13T11:00:00Z,2024-02-13T11:00:00Z,processed fish,NA,5 foot rst,NA,trap functioning normally,NA,restart trap,NA,3,NA,FALSE,1
74,Deer Creek,Deer Creek RST,Deer Creek RST,TRUE,2024-02-13T11:00:00Z,2024-02-14T11:18:00Z,2024-02-14T11:18:00Z,processed fish,NA,5 foot rst,NA,trap functioning normally,NA,restart trap,NA,5,NA,FALSE,NA
73,Deer Creek,Deer Creek RST,Deer Creek RST,TRUE,2024-02-14T11:18:00Z,2024-02-16T00:00:00Z,NA,processed fish,NA,5 foot rst,NA,trap functioning normally,NA,end trapping,NA,NA,NA,FALSE,1
75,Deer Creek,Deer Creek RST,Deer Creek RST,TRUE,2024-02-27T09:00:00Z,2024-02-27T09:00:00Z,2024-02-27T09:00:00Z,processed fish,NA,5 foot rst,NA,trap functioning normally,NA,restart trap,NA,4,4,FALSE,5
78,Deer Creek,Deer Creek RST,Deer Creek RST,TRUE,2024-02-27T09:00:00Z,2024-02-28T08:47:00Z,2024-02-28T08:47:00Z,processed fish,NA,5 foot rst,NA,trap functioning normally,NA,restart trap,NA,2,2,FALSE,5
80,Deer Creek,Deer Creek RST,Deer Creek RST,TRUE,2024-02-28T08:47:00Z,2024-02-29T11:15:00Z,NA,processed fish,NA,5 foot rst,NA,trap functioning but not normally,not recorded,end trapping,NA,3,0,FALSE,2
82,Deer Creek,Deer Creek RST,Deer Creek RST,TRUE,2024-03-05T10:40:00Z,2024-03-05T10:40:00Z,2024-03-05T10:40:00Z,processed fish,NA,5 foot rst,NA,trap functioning normally,NA,restart trap,NA,4,4,FALSE,1
88,Deer Creek,Deer Creek RST,Deer Creek RST,TRUE,2024-03-05T10:40:00Z,2024-03-06T09:15:00Z,2024-03-06T09:15:00Z,processed fish,NA,5 foot rst,NA,trap functioning normally,NA,restart trap,NA,5,5,FALSE,NA
85,Deer Creek,Deer Creek RST,Deer Creek RST,TRUE,2024-03-06T09:15:00Z,2024-03-07T10:15:00Z,2024-03-07T10:15:00Z,processed fish,NA,5 foot rst,NA,trap functioning normally,NA,restart trap,5,5,5,FALSE,8
87,Deer Creek,Deer Creek RST,Deer Creek RST,TRUE,2024-03-07T10:15:00Z,2024-03-08T09:30:00Z,2024-03-08T09:30:00Z,processed fish,NA,5 foot rst,NA,trap functioning normally,NA,restart trap,NA,10,10,FALSE,2
89,Deer Creek,Deer Creek RST,Deer Creek RST,TRUE,2024-03-08T09:30:00Z,2024-03-09T09:30:00Z,2024-03-09T09:30:00Z,processed fish,NA,5 foot rst,NA,trap functioning normally,NA,restart trap,NA,7,7,FALSE,3
92,Deer Creek,Deer Creek RST,Deer Creek RST,TRUE,2024-03-09T09:30:00Z,2024-03-10T09:00:00Z,NA,processed fish,NA,5 foot rst,NA,trap functioning normally,NA,end trapping,NA,0,3,FALSE,NA
94,Deer Creek,Deer Creek RST,Deer Creek RST,TRUE,2024-03-12T09:30:00Z,2024-03-12T09:30:00Z,2024-03-12T09:30:00Z,processed fish,NA,5 foot rst,NA,trap functioning normally,NA,restart trap,NA,3,3,FALSE,0
98,Deer Creek,Deer Creek RST,Deer Creek RST,TRUE,2024-03-12T09:30:00Z,2024-03-13T12:23:00Z,2024-03-13T12:23:00Z,processed fish,NA,5 foot rst,NA,trap functioning normally,NA,restart trap,NA,12,NA,FALSE,1
96,Deer Creek,Deer Creek RST,Deer Creek RST,TRUE,2024-03-13T12:23:00Z,2024-03-14T10:00:00Z,2024-03-14T10:00:00Z,processed fish,NA,5 foot rst,NA,trap functioning normally,NA,restart trap,NA,12,12,FALSE,5
100,Deer Creek,Deer Creek RST,Deer Creek RST,TRUE,2024-03-14T10:00:00Z,2024-03-15T09:08:00Z,2024-03-15T09:08:00Z,processed fish,NA,5 foot rst,NA,trap functioning normally,NA,restart trap,NA,9,NA,FALSE,2
102,Deer Creek,Deer Creek RST,Deer Creek RST,TRUE,2024-03-15T09:08:00Z,2024-03-16T08:45:00Z,2024-03-16T08:45:00Z,processed fish,NA,5 foot rst,NA,trap functioning normally,NA,restart trap,NA,7,7,FALSE,1
104,Deer Creek,Deer Creek RST,Deer Creek RST,TRUE,2024-03-16T08:45:00Z,2024-03-17T08:51:00Z,2024-03-17T08:51:00Z,processed fish,NA,5 foot rst,NA,trap functioning normally,NA,restart trap,NA,7,7,FALSE,0
106,Deer Creek,Deer Creek RST,Deer Creek RST,TRUE,2024-03-17T08:51:00Z,2024-03-18T01:35:00Z,2024-03-18T01:35:00Z,processed fish,NA,5 foot rst,NA,trap functioning normally,NA,restart trap,NA,6,NA,FALSE,3
109,Deer Creek,Deer Creek RST,Deer Creek RST,TRUE,2024-03-18T01:35:00Z,2024-03-19T12:25:00Z,2024-03-19T12:25:00Z,processed fish,NA,5 foot rst,NA,trap functioning normally,NA,restart trap,NA,7,7,FALSE,2
110,Deer Creek,Deer Creek RST,Deer Creek RST,TRUE,2024-03-19T12:25:00Z,2024-03-20T09:00:00Z,2024-03-20T09:00:00Z,processed fish,NA,5 foot rst,NA,trap functioning normally,NA,restart trap,NA,8,8,FALSE,2
112,Deer Creek,Deer Creek RST,Deer Creek RST,TRUE,2024-03-20T09:00:00Z,2024-03-21T12:07:00Z,2024-03-21T12:07:00Z,processed fish,NA,5 foot rst,NA,trap functioning normally,NA,restart trap,NA,8,NA,FALSE,2
114,Deer Creek,Deer Creek RST,Deer Creek RST,TRUE,2024-03-21T12:07:00Z,2024-03-22T12:00:00Z,2024-03-22T12:00:00Z,processed fish,NA,5 foot rst,NA,trap functioning normally,NA,restart trap,NA,7,7,FALSE,2
117,Deer Creek,Deer Creek RST,Deer Creek RST,TRUE,2024-03-22T12:00:00Z,2024-03-23T10:09:00Z,2024-03-23T10:09:00Z,processed fish,NA,5 foot rst,NA,trap functioning normally,NA,restart trap,NA,8,8,FALSE,10
120,Deer Creek,Deer Creek RST,Deer Creek RST,TRUE,2024-03-23T10:09:00Z,2024-03-24T09:02:00Z,2024-03-24T09:02:00Z,processed fish,NA,5 foot rst,NA,trap functioning normally,NA,restart trap,NA,12,12,FALSE,5
118,Deer Creek,Deer Creek RST,Deer Creek RST,TRUE,2024-03-24T09:02:00Z,2024-03-25T13:15:00Z,2024-03-25T13:15:00Z,processed fish,NA,5 foot rst,NA,trap functioning normally,NA,restart trap,NA,8,7,FALSE,3
121,Deer Creek,Deer Creek RST,Deer Creek RST,TRUE,2024-03-25T13:15:00Z,2024-03-26T08:45:00Z,2024-03-26T08:45:00Z,processed fish,NA,5 foot rst,NA,trap functioning normally,NA,restart trap,NA,12,12,FALSE,5
122,Deer Creek,Deer Creek RST,Deer Creek RST,TRUE,2024-03-26T08:45:00Z,2024-03-27T10:40:00Z,2024-03-27T10:40:00Z,processed fish,NA,5 foot rst,NA,trap functioning normally,NA,restart trap,NA,8,8,FALSE,1
124,Deer Creek,Deer Creek RST,Deer Creek RST,TRUE,2024-03-27T10:40:00Z,2024-03-28T09:09:00Z,2024-03-28T09:09:00Z,processed fish,NA,5 foot rst,NA,trap functioning normally,NA,restart trap,NA,8,8,FALSE,4
126,Deer Creek,Deer Creek RST,Deer Creek RST,TRUE,2024-03-28T09:09:00Z,2024-03-29T11:30:00Z,2024-03-29T11:30:00Z,processed fish,NA,5 foot rst,NA,trap functioning normally,NA,restart trap,NA,8,8,FALSE,1
128,Deer Creek,Deer Creek RST,Deer Creek RST,TRUE,2024-03-29T11:30:00Z,2024-03-30T09:25:00Z,2024-03-30T09:25:00Z,processed fish,NA,5 foot rst,NA,trap functioning normally,NA,restart trap,NA,7,7,FALSE,NA
130,Deer Creek,Deer Creek RST,Deer Creek RST,TRUE,2024-03-30T09:25:00Z,2024-03-31T09:17:00Z,2024-03-31T09:17:00Z,processed fish,NA,5 foot rst,NA,trap functioning normally,NA,restart trap,NA,9,9,FALSE,2
131,Deer Creek,Deer Creek RST,Deer Creek RST,TRUE,2024-03-31T09:17:00Z,2024-04-01T01:50:00Z,2024-04-01T01:50:00Z,processed fish,NA,5 foot rst,NA,trap functioning normally,NA,restart trap,NA,8,8,FALSE,3
134,Deer Creek,Deer Creek RST,Deer Creek RST,TRUE,2024-04-01T01:50:00Z,2024-04-02T10:25:00Z,2024-04-02T10:25:00Z,processed fish,NA,5 foot rst,NA,trap functioning normally,NA,restart trap,NA,8,NA,FALSE,1
136,Deer Creek,Deer Creek RST,Deer Creek RST,TRUE,2024-04-02T10:25:00Z,2024-04-03T08:54:00Z,2024-04-03T08:54:00Z,processed fish,NA,5 foot rst,NA,trap functioning normally,NA,restart trap,NA,8,NA,FALSE,1
138,Deer Creek,Deer Creek RST,Deer Creek RST,TRUE,2024-04-03T08:54:00Z,2024-04-04T08:45:00Z,2024-04-04T08:45:00Z,processed fish,NA,5 foot rst,NA,trap functioning normally,NA,restart trap,NA,7,7,FALSE,3
140,Deer Creek,Deer Creek RST,Deer Creek RST,TRUE,2024-04-04T08:45:00Z,2024-04-05T08:28:00Z,2024-04-05T08:28:00Z,processed fish,NA,5 foot rst,NA,trap functioning normally,NA,restart trap,NA,8,NA,FALSE,2
142,Deer Creek,Deer Creek RST,Deer Creek RST,TRUE,2024-04-05T08:28:00Z,2024-04-07T10:15:00Z,2024-04-07T10:15:00Z,processed fish,NA,5 foot rst,NA,trap functioning normally,NA,restart trap,NA,8,8,FALSE,1
143,Deer Creek,Deer Creek RST,Deer Creek RST,TRUE,2024-04-07T10:15:00Z,2024-04-08T00:00:00Z,2024-04-08T00:00:00Z,processed fish,NA,5 foot rst,NA,trap functioning normally,NA,restart trap,NA,7,NA,FALSE,NA
145,Deer Creek,Deer Creek RST,Deer Creek RST,TRUE,2024-04-08T00:00:00Z,2024-04-09T11:00:00Z,2024-04-09T11:00:00Z,processed fish,NA,5 foot rst,NA,trap functioning normally,NA,restart trap,NA,NA,7,FALSE,1
148,Deer Creek,Deer Creek RST,Deer Creek RST,TRUE,2024-04-09T11:00:00Z,2024-04-10T12:03:00Z,2024-04-10T12:03:00Z,processed fish,NA,5 foot rst,NA,trap functioning normally,NA,restart trap,NA,7,NA,FALSE,1
205,Deer Creek,Deer Creek RST,Deer Creek RST,TRUE,2024-04-10T12:03:00Z,2024-04-11T00:00:00Z,2024-04-11T00:00:00Z,processed fish,NA,5 foot rst,NA,trap functioning normally,NA,restart trap,NA,7,7,FALSE,1
153,Deer Creek,Deer Creek RST,Deer Creek RST,TRUE,2024-04-11T00:00:00Z,2024-04-11T10:30:00Z,2024-04-11T10:30:00Z,processed fish,NA,5 foot rst,NA,trap functioning normally,NA,restart trap,NA,8,8,FALSE,1
151,Deer Creek,Deer Creek RST,Deer Creek RST,TRUE,2024-04-11T10:30:00Z,2024-04-12T08:30:00Z,2024-04-12T08:30:00Z,processed fish,NA,5 foot rst,NA,trap functioning normally,NA,restart trap,NA,9,NA,FALSE,NA
154,Deer Creek,Deer Creek RST,Deer Creek RST,TRUE,2024-04-12T08:30:00Z,2024-04-13T12:54:00Z,2024-04-13T12:54:00Z,processed fish,NA,5 foot rst,NA,trap functioning normally,NA,restart trap,NA,8,8,FALSE,1
155,Deer Creek,Deer Creek RST,Deer Creek RST,TRUE,2024-04-13T12:54:00Z,2024-04-15T10:00:00Z,2024-04-15T10:00:00Z,processed fish,NA,5 foot rst,NA,trap functioning normally,NA,restart trap,NA,8,8,FALSE,1
158,Deer Creek,Deer Creek RST,Deer Creek RST,TRUE,2024-04-15T10:00:00Z,2024-04-16T10:41:00Z,2024-04-16T10:41:00Z,processed fish,NA,5 foot rst,NA,trap functioning normally,NA,restart trap,NA,7,7,FALSE,1
160,Deer Creek,Deer Creek RST,Deer Creek RST,TRUE,2024-04-16T10:41:00Z,2024-04-17T09:10:00Z,2024-04-17T09:10:00Z,processed fish,NA,5 foot rst,NA,trap functioning normally,NA,restart trap,NA,8,NA,FALSE,1
161,Deer Creek,Deer Creek RST,Deer Creek RST,TRUE,2024-04-17T09:10:00Z,2024-04-18T12:51:00Z,2024-04-18T12:51:00Z,processed fish,NA,5 foot rst,NA,trap functioning normally,NA,restart trap,9,NA,NA,FALSE,2
163,Deer Creek,Deer Creek RST,Deer Creek RST,TRUE,2024-04-18T12:51:00Z,2024-04-19T09:30:00Z,2024-04-19T09:30:00Z,processed fish,NA,5 foot rst,NA,trap functioning normally,NA,restart trap,NA,8,NA,FALSE,1
165,Deer Creek,Deer Creek RST,Deer Creek RST,TRUE,2024-04-19T09:30:00Z,2024-04-20T01:00:00Z,2024-04-20T01:00:00Z,processed fish,NA,5 foot rst,NA,trap functioning normally,NA,restart trap,NA,7,NA,FALSE,2
168,Deer Creek,Deer Creek RST,Deer Creek RST,TRUE,2024-04-20T01:00:00Z,2024-04-21T02:10:00Z,2024-04-21T02:10:00Z,processed fish,NA,5 foot rst,NA,trap functioning normally,NA,restart trap,NA,6,NA,FALSE,2
170,Deer Creek,Deer Creek RST,Deer Creek RST,TRUE,2024-04-21T02:10:00Z,2024-04-22T08:40:00Z,2024-04-22T08:40:00Z,processed fish,NA,5 foot rst,NA,trap functioning normally,NA,restart trap,NA,NA,7,FALSE,1
172,Deer Creek,Deer Creek RST,Deer Creek RST,TRUE,2024-04-22T08:40:00Z,2024-04-23T08:45:00Z,2024-04-23T08:45:00Z,processed fish,NA,5 foot rst,NA,trap functioning normally,NA,restart trap,NA,6,NA,FALSE,1
176,Deer Creek,Deer Creek RST,Deer Creek RST,TRUE,2024-04-23T08:45:00Z,2024-04-24T11:21:00Z,2024-04-24T11:21:00Z,processed fish,NA,5 foot rst,NA,trap functioning normally,NA,restart trap,NA,NA,NA,FALSE,NA
175,Deer Creek,Deer Creek RST,Deer Creek RST,TRUE,2024-04-24T11:21:00Z,2024-04-25T12:07:00Z,2024-04-25T12:07:00Z,processed fish,NA,5 foot rst,NA,trap functioning normally,NA,restart trap,NA,8,NA,FALSE,2
177,Deer Creek,Deer Creek RST,Deer Creek RST,TRUE,2024-04-25T12:07:00Z,2024-04-26T09:50:00Z,2024-04-26T09:50:00Z,processed fish,NA,5 foot rst,NA,trap functioning normally,NA,restart trap,NA,8,8,FALSE,2
180,Deer Creek,Deer Creek RST,Deer Creek RST,TRUE,2024-04-26T09:50:00Z,2024-04-27T09:00:00Z,2024-04-27T09:00:00Z,processed fish,NA,5 foot rst,NA,trap functioning normally,NA,restart trap,NA,8,8,FALSE,2
182,Deer Creek,Deer Creek RST,Deer Creek RST,TRUE,2024-04-27T09:00:00Z,2024-04-28T08:40:00Z,2024-04-28T08:40:00Z,processed fish,NA,5 foot rst,NA,trap functioning normally,NA,restart trap,NA,8,NA,FALSE,1
184,Deer Creek,Deer Creek RST,Deer Creek RST,TRUE,2024-04-28T08:40:00Z,2024-04-30T09:30:00Z,2024-04-30T09:30:00Z,processed fish,NA,5 foot rst,NA,trap functioning normally,NA,restart trap,NA,1,NA,FALSE,1
187,Deer Creek,Deer Creek RST,Deer Creek RST,TRUE,2024-04-30T09:30:00Z,2024-05-01T09:13:00Z,2024-05-01T09:13:00Z,processed fish,NA,5 foot rst,NA,trap functioning normally,NA,restart trap,NA,7,NA,FALSE,2
189,Deer Creek,Deer Creek RST,Deer Creek RST,TRUE,2024-05-01T09:13:00Z,2024-05-02T11:49:00Z,2024-05-02T11:49:00Z,processed fish,NA,5 foot rst,NA,trap functioning normally,NA,restart trap,NA,6,NA,FALSE,NA
190,Deer Creek,Deer Creek RST,Deer Creek RST,TRUE,2024-05-02T11:49:00Z,2024-05-03T10:14:00Z,2024-05-03T10:14:00Z,processed fish,NA,5 foot rst,NA,trap functioning normally,NA,restart trap,NA,9,NA,FALSE,1
192,Deer Creek,Deer Creek RST,Deer Creek RST,TRUE,2024-05-03T10:14:00Z,2024-05-04T11:48:00Z,2024-05-04T11:48:00Z,processed fish,NA,5 foot rst,NA,trap functioning normally,NA,restart trap,NA,6,NA,FALSE,4
194,Deer Creek,Deer Creek RST,Deer Creek RST,TRUE,2024-05-04T11:48:00Z,2024-05-06T05:13:00Z,2024-05-06T05:13:00Z,processed fish,NA,5 foot rst,NA,trap functioning normally,NA,restart trap,NA,6,NA,FALSE,7
196,Deer Creek,Deer Creek RST,Deer Creek RST,TRUE,2024-05-06T05:13:00Z,2024-05-07T01:06:00Z,2024-05-07T01:06:00Z,processed fish,NA,5 foot rst,NA,trap functioning normally,NA,restart trap,NA,4,4,FALSE,1
197,Deer Creek,Deer Creek RST,Deer Creek RST,TRUE,2024-05-07T01:06:00Z,2024-05-08T11:10:00Z,2024-05-08T11:10:00Z,processed fish,NA,5 foot rst,NA,trap functioning normally,NA,restart trap,NA,4,5,FALSE,1
200,Deer Creek,Deer Creek RST,Deer Creek RST,TRUE,2024-05-08T11:10:00Z,2024-05-09T01:30:00Z,2024-05-09T01:30:00Z,processed fish,NA,5 foot rst,NA,trap functioning normally,NA,restart trap,2,3,6,FALSE,1
203,Deer Creek,Deer Creek RST,Deer Creek RST,TRUE,2024-05-09T01:30:00Z,2024-05-10T10:08:00Z,2024-05-10T10:08:00Z,processed fish,NA,5 foot rst,NA,trap functioning normally,NA,restart trap,NA,8.5,NA,FALSE,1
207,Deer Creek,Deer Creek RST,Deer Creek RST,TRUE,2024-05-10T10:08:00Z,2024-05-13T10:16:00Z,2024-05-13T10:16:00Z,processed fish,NA,5 foot rst,NA,trap functioning normally,NA,restart trap,NA,7.5,NA,FALSE,1
209,Deer Creek,Deer Creek RST,Deer Creek RST,TRUE,2024-05-13T10:16:00Z,2024-05-14T09:15:00Z,2024-05-14T09:15:00Z,processed fish,NA,5 foot rst,NA,trap functioning normally,NA,restart trap,NA,6,NA,FALSE,2
211,Deer Creek,Deer Creek RST,Deer Creek RST,TRUE,2024-05-14T09:15:00Z,2024-05-15T08:50:00Z,2024-05-15T08:50:00Z,processed fish,NA,5 foot rst,NA,trap functioning normally,NA,restart trap,NA,6,6,FALSE,1
213,Deer Creek,Deer Creek RST,Deer Creek RST,TRUE,2024-05-15T08:50:00Z,2024-05-16T00:00:00Z,2024-05-16T00:00:00Z,processed fish,NA,5 foot rst,NA,trap functioning normally,NA,restart trap,NA,NA,NA,FALSE,NA
215,Deer Creek,Deer Creek RST,Deer Creek RST,TRUE,2024-05-16T00:00:00Z,2024-05-17T09:19:00Z,2024-05-17T09:19:00Z,processed fish,NA,5 foot rst,NA,trap functioning normally,NA,restart trap,6,NA,NA,FALSE,2
217,Deer Creek,Deer Creek RST,Deer Creek RST,TRUE,2024-05-17T09:19:00Z,2024-05-18T08:30:00Z,2024-05-18T08:30:00Z,processed fish,NA,5 foot rst,NA,trap functioning normally,NA,restart trap,NA,6,6,FALSE,1
219,Deer Creek,Deer Creek RST,Deer Creek RST,TRUE,2024-05-18T08:30:00Z,2024-05-20T09:04:00Z,2024-05-20T09:04:00Z,processed fish,NA,5 foot rst,NA,trap functioning normally,NA,restart trap,NA,0,NA,FALSE,1
220,Deer Creek,Deer Creek RST,Deer Creek RST,TRUE,2024-05-20T09:04:00Z,2024-05-21T09:10:00Z,2024-05-21T09:10:00Z,processed fish,NA,5 foot rst,NA,trap functioning normally,NA,restart trap,NA,0,3,FALSE,2
223,Deer Creek,Deer Creek RST,Deer Creek RST,TRUE,2024-05-21T09:10:00Z,2024-05-22T10:00:00Z,2024-05-22T10:00:00Z,processed fish,NA,5 foot rst,NA,trap functioning normally,NA,restart trap,NA,0,NA,FALSE,1
225,Deer Creek,Deer Creek RST,Deer Creek RST,TRUE,2024-05-22T10:00:00Z,2024-05-22T10:15:00Z,2024-05-22T10:15:00Z,processed fish,NA,5 foot rst,NA,trap functioning normally,NA,restart trap,NA,0,NA,FALSE,NA
227,Deer Creek,Deer Creek RST,Deer Creek RST,TRUE,2024-05-30T00:00:00Z,2024-05-31T01:40:00Z,2024-05-31T01:40:00Z,processed fish,NA,5 foot rst,NA,trap functioning normally,NA,restart trap,NA,2,2,FALSE,5
229,Deer Creek,Deer Creek RST,Deer Creek RST,TRUE,2024-05-31T01:40:00Z,2024-06-03T11:21:00Z,2024-06-03T11:21:00Z,processed fish,NA,5 foot rst,NA,trap functioning normally,NA,restart trap,NA,4,NA,FALSE,5
231,Deer Creek,Deer Creek RST,Deer Creek RST,TRUE,2024-06-03T11:21:00Z,2024-06-04T08:05:00Z,2024-06-04T08:05:00Z,processed fish,NA,5 foot rst,NA,trap functioning normally,NA,restart trap,NA,3.5,3.5,FALSE,5
234,Deer Creek,Deer Creek RST,Deer Creek RST,TRUE,2024-06-04T08:05:00Z,2024-06-05T12:56:00Z,2024-06-05T12:56:00Z,processed fish,NA,5 foot rst,NA,trap functioning normally,NA,restart trap,NA,3,NA,FALSE,5
233,Deer Creek,Deer Creek RST,Deer Creek RST,TRUE,2024-06-05T12:56:00Z,2024-06-06T12:01:00Z,2024-06-06T12:01:00Z,processed fish,NA,5 foot rst,NA,trap functioning normally,NA,restart trap,3.5,NA,NA,FALSE,5
241,Deer Creek,Deer Creek RST,Deer Creek RST,TRUE,2024-06-06T12:01:00Z,2024-06-07T11:02:00Z,2024-06-07T11:02:00Z,processed fish,NA,5 foot rst,NA,trap functioning normally,NA,restart trap,NA,2,2,FALSE,6
240,Deer Creek,Deer Creek RST,Deer Creek RST,TRUE,2024-06-07T11:02:00Z,2024-06-10T10:35:00Z,2024-06-10T10:35:00Z,processed fish,NA,5 foot rst,NA,trap functioning normally,NA,restart trap,NA,2,4,FALSE,NA
237,Deer Creek,Deer Creek RST,Deer Creek RST,TRUE,2024-06-10T10:35:00Z,2024-06-11T11:03:00Z,2024-06-11T11:03:00Z,processed fish,NA,5 foot rst,NA,trap functioning normally,NA,restart trap,NA,3,NA,FALSE,5
239,Deer Creek,Deer Creek RST,Deer Creek RST,TRUE,2024-06-11T11:03:00Z,2024-06-12T09:15:00Z,2024-06-12T09:15:00Z,processed fish,NA,5 foot rst,NA,trap functioning normally,NA,restart trap,NA,3,3,FALSE,8
238,Deer Creek,Deer Creek RST,Deer Creek RST,TRUE,2024-06-12T09:15:00Z,2024-06-13T00:00:00Z,2024-06-13T00:00:00Z,processed fish,NA,5 foot rst,NA,trap functioning normally,NA,restart trap,NA,2,2,FALSE,NA
286,Deer Creek,Deer Creek RST,Deer Creek RST,FALSE,2024-10-22T00:00:00Z,2024-10-23T09:30:00Z,2024-10-24T15:42:55Z,no fish caught,NA,NA,NA,trap functioning normally,NA,restart trap,NA,2,NA,FALSE,NA
284,Deer Creek,Deer Creek RST,Deer Creek RST,FALSE,2024-10-24T08:47:00Z,2024-10-24T08:47:00Z,NA,processed fish,NA,NA,NA,trap functioning normally,NA,end trapping,NA,0,0,FALSE,2
19,Mill Creek,Mill Creek RST,Mill Creek RST,TRUE,2023-10-20T09:51:00Z,2023-10-20T09:51:00Z,2023-10-20T09:51:00Z,processed fish,NA,5 foot rst,NA,trap not functioning,not recorded,restart trap,NA,0,NA,FALSE,10
1,Mill Creek,Mill Creek RST,Mill Creek RST,TRUE,2023-10-20T09:51:00Z,2023-10-25T09:30:00Z,2023-10-25T09:30:00Z,processed fish,NA,5 foot rst,NA,trap functioning normally,NA,restart trap,NA,3,3,FALSE,1
3,Mill Creek,Mill Creek RST,Mill Creek RST,TRUE,2023-10-25T09:30:00Z,2023-11-01T10:30:00Z,2023-11-01T10:30:00Z,processed fish,NA,5 foot rst,NA,trap functioning normally,NA,restart trap,NA,3,3,FALSE,0.5
5,Mill Creek,Mill Creek RST,Mill Creek RST,TRUE,2023-11-01T10:30:00Z,2023-11-03T09:00:00Z,2023-11-03T09:00:00Z,processed fish,NA,5 foot rst,NA,trap functioning normally,NA,restart trap,NA,NA,NA,FALSE,NA
13,Mill Creek,Mill Creek RST,Mill Creek RST,TRUE,2023-11-03T09:00:00Z,2023-11-04T12:15:00Z,2023-11-04T12:15:00Z,processed fish,NA,5 foot rst,NA,trap functioning normally,NA,restart trap,NA,3,NA,FALSE,NA
7,Mill Creek,Mill Creek RST,Mill Creek RST,TRUE,2023-11-04T12:15:00Z,2023-11-06T10:50:00Z,2023-11-06T10:50:00Z,processed fish,NA,5 foot rst,NA,trap not functioning,not recorded,not recorded,NA,4,NA,FALSE,3
30,Mill Creek,Mill Creek RST,Mill Creek RST,TRUE,2023-11-06T10:50:00Z,2023-11-06T11:30:00Z,2023-11-06T11:30:00Z,processed fish,NA,5 foot rst,NA,trap functioning normally,NA,restart trap,NA,4,4,FALSE,2
9,Mill Creek,Mill Creek RST,Mill Creek RST,TRUE,2023-11-06T11:30:00Z,2023-11-07T02:00:00Z,2023-11-07T02:00:00Z,processed fish,NA,5 foot rst,NA,trap functioning normally,NA,restart trap,NA,3,3,FALSE,NA
11,Mill Creek,Mill Creek RST,Mill Creek RST,TRUE,2023-11-07T02:00:00Z,2023-11-08T09:00:00Z,2023-11-08T09:00:00Z,processed fish,NA,5 foot rst,NA,trap functioning normally,NA,restart trap,NA,5,NA,FALSE,1
35,Mill Creek,Mill Creek RST,Mill Creek RST,TRUE,2023-11-08T09:00:00Z,2023-11-08T10:30:00Z,2023-11-08T10:30:00Z,processed fish,NA,5 foot rst,NA,trap functioning normally,NA,restart trap,NA,5,5,FALSE,5
37,Mill Creek,Mill Creek RST,Mill Creek RST,TRUE,2023-11-08T10:30:00Z,2023-11-11T11:15:00Z,2023-11-11T11:15:00Z,processed fish,NA,5 foot rst,NA,trap functioning normally,NA,restart trap,NA,3,NA,FALSE,1
15,Mill Creek,Mill Creek RST,Mill Creek RST,TRUE,2023-11-11T11:15:00Z,2023-11-15T01:30:00Z,2023-11-15T01:30:00Z,processed fish,NA,5 foot rst,NA,trap functioning normally,NA,restart trap,NA,5,5,FALSE,1
17,Mill Creek,Mill Creek RST,Mill Creek RST,TRUE,2023-11-15T01:30:00Z,2023-11-16T09:00:00Z,2023-11-16T09:00:00Z,processed fish,NA,5 foot rst,NA,trap functioning normally,NA,restart trap,NA,3,NA,FALSE,1
21,Mill Creek,Mill Creek RST,Mill Creek RST,TRUE,2023-11-27T00:00:00Z,2023-11-28T09:00:00Z,2023-11-28T09:00:00Z,processed fish,NA,5 foot rst,NA,trap functioning normally,NA,restart trap,NA,3,3,FALSE,1
23,Mill Creek,Mill Creek RST,Mill Creek RST,TRUE,2023-11-28T09:00:00Z,2023-11-29T09:30:00Z,2023-11-29T09:30:00Z,processed fish,NA,5 foot rst,NA,trap functioning normally,NA,restart trap,NA,3,3,FALSE,1
25,Mill Creek,Mill Creek RST,Mill Creek RST,TRUE,2023-11-29T09:30:00Z,2023-12-01T11:00:00Z,2023-12-01T11:00:00Z,processed fish,NA,5 foot rst,NA,trap functioning normally,NA,restart trap,NA,NA,NA,FALSE,1
39,Mill Creek,Mill Creek RST,Mill Creek RST,TRUE,2023-12-01T11:00:00Z,2023-12-04T00:00:00Z,2023-12-04T00:00:00Z,processed fish,NA,5 foot rst,NA,trap functioning normally,NA,restart trap,NA,NA,NA,FALSE,NA
27,Mill Creek,Mill Creek RST,Mill Creek RST,TRUE,2023-12-04T00:00:00Z,2023-12-04T09:11:00Z,2023-12-04T09:11:00Z,processed fish,NA,5 foot rst,NA,trap functioning normally,NA,restart trap,NA,NA,NA,FALSE,10
28,Mill Creek,Mill Creek RST,Mill Creek RST,TRUE,2023-12-04T09:11:00Z,2023-12-05T12:15:00Z,2023-12-05T12:15:00Z,processed fish,NA,5 foot rst,NA,trap functioning normally,NA,restart trap,NA,4,4,FALSE,1
33,Mill Creek,Mill Creek RST,Mill Creek RST,TRUE,2023-12-05T12:15:00Z,2023-12-07T11:30:00Z,2023-12-07T11:30:00Z,processed fish,NA,5 foot rst,NA,trap functioning normally,NA,restart trap,NA,6,6,FALSE,10
42,Mill Creek,Mill Creek RST,Mill Creek RST,TRUE,2023-12-07T11:30:00Z,2023-12-13T00:00:00Z,2023-12-13T00:00:00Z,processed fish,NA,5 foot rst,NA,trap functioning normally,NA,restart trap,NA,4,4,FALSE,2
43,Mill Creek,Mill Creek RST,Mill Creek RST,TRUE,2023-12-13T00:00:00Z,2023-12-19T00:00:00Z,2023-12-19T00:00:00Z,processed fish,NA,5 foot rst,NA,trap not functioning,debris in trap,not recorded,NA,0,NA,FALSE,NA
44,Mill Creek,Mill Creek RST,Mill Creek RST,TRUE,2023-12-19T00:00:00Z,2023-12-21T10:55:00Z,2023-12-21T10:55:00Z,processed fish,NA,5 foot rst,NA,trap functioning normally,NA,restart trap,NA,NA,NA,FALSE,20
47,Mill Creek,Mill Creek RST,Mill Creek RST,TRUE,2023-12-21T10:55:00Z,2023-12-22T00:00:00Z,2023-12-22T00:00:00Z,processed fish,NA,5 foot rst,NA,trap functioning normally,NA,restart trap,NA,NA,NA,FALSE,NA
49,Mill Creek,Mill Creek RST,Mill Creek RST,TRUE,2023-12-22T00:00:00Z,2023-12-29T11:00:00Z,2023-12-29T11:00:00Z,processed fish,NA,5 foot rst,NA,trap functioning normally,NA,restart trap,NA,8,NA,FALSE,1
51,Mill Creek,Mill Creek RST,Mill Creek RST,TRUE,2023-12-29T11:00:00Z,2024-01-03T00:00:00Z,2024-01-03T00:00:00Z,processed fish,NA,5 foot rst,NA,trap functioning normally,NA,restart trap,NA,7,NA,FALSE,2
53,Mill Creek,Mill Creek RST,Mill Creek RST,TRUE,2024-01-03T00:00:00Z,2024-01-04T09:00:00Z,2024-01-04T09:00:00Z,processed fish,NA,5 foot rst,NA,trap not functioning,high flows,not recorded,NA,0,NA,FALSE,1
55,Mill Creek,Mill Creek RST,Mill Creek RST,TRUE,2024-01-04T09:00:00Z,2024-01-05T00:00:00Z,2024-01-05T00:00:00Z,processed fish,NA,5 foot rst,NA,trap functioning normally,NA,restart trap,7,7,7,FALSE,2
72,Mill Creek,Mill Creek RST,Mill Creek RST,TRUE,2024-01-05T00:00:00Z,2024-01-09T00:00:00Z,2024-01-09T00:00:00Z,processed fish,NA,5 foot rst,NA,trap functioning normally,NA,restart trap,NA,NA,NA,FALSE,1
56,Mill Creek,Mill Creek RST,Mill Creek RST,TRUE,2024-01-09T00:00:00Z,2024-01-09T09:00:00Z,2024-01-09T09:00:00Z,processed fish,NA,5 foot rst,NA,trap functioning normally,NA,restart trap,NA,4,NA,FALSE,0.5
58,Mill Creek,Mill Creek RST,Mill Creek RST,TRUE,2024-01-09T09:00:00Z,2024-01-10T09:00:00Z,2024-01-10T09:00:00Z,processed fish,NA,5 foot rst,NA,trap functioning normally,NA,restart trap,NA,5,5,FALSE,1
61,Mill Creek,Mill Creek RST,Mill Creek RST,TRUE,2024-01-10T09:00:00Z,2024-01-11T11:00:00Z,2024-01-11T11:00:00Z,processed fish,NA,5 foot rst,NA,trap functioning normally,NA,restart trap,NA,7,NA,FALSE,NA
65,Mill Creek,Mill Creek RST,Mill Creek RST,TRUE,2024-01-11T11:00:00Z,2024-01-13T09:00:00Z,2024-01-13T09:00:00Z,processed fish,NA,5 foot rst,NA,trap functioning normally,NA,restart trap,5,5,5,FALSE,0.5
67,Mill Creek,Mill Creek RST,Mill Creek RST,TRUE,2024-01-13T09:00:00Z,2024-01-14T00:00:00Z,2024-01-14T00:00:00Z,processed fish,NA,5 foot rst,NA,trap functioning normally,NA,restart trap,NA,NA,NA,FALSE,10
69,Mill Creek,Mill Creek RST,Mill Creek RST,TRUE,2024-01-14T00:00:00Z,2024-01-17T11:00:00Z,2024-01-17T11:00:00Z,processed fish,NA,5 foot rst,NA,trap functioning normally,NA,restart trap,NA,9,8,FALSE,5
71,Mill Creek,Mill Creek RST,Mill Creek RST,TRUE,2024-01-17T11:00:00Z,2024-01-18T10:00:00Z,2024-01-18T10:00:00Z,processed fish,NA,5 foot rst,NA,trap functioning normally,NA,restart trap,NA,0,NA,FALSE,0.5
63,Mill Creek,Mill Creek RST,Mill Creek RST,TRUE,2024-01-18T10:00:00Z,2024-01-22T10:25:00Z,2024-01-22T10:25:00Z,processed fish,NA,5 foot rst,NA,trap functioning normally,NA,restart trap,NA,7,7,FALSE,0.5
77,Mill Creek,Mill Creek RST,Mill Creek RST,TRUE,2024-01-22T10:25:00Z,2024-01-24T01:30:00Z,2024-01-24T01:30:00Z,processed fish,NA,5 foot rst,NA,trap functioning normally,NA,restart trap,NA,9,9,FALSE,3
76,Mill Creek,Mill Creek RST,Mill Creek RST,TRUE,2024-01-24T01:30:00Z,2024-01-24T09:30:00Z,2024-01-24T09:30:00Z,processed fish,NA,5 foot rst,NA,trap functioning normally,NA,restart trap,NA,NA,NA,FALSE,5
79,Mill Creek,Mill Creek RST,Mill Creek RST,TRUE,2024-01-24T09:30:00Z,2024-01-25T00:00:00Z,2024-01-25T00:00:00Z,processed fish,NA,5 foot rst,NA,trap functioning normally,NA,restart trap,NA,8,NA,FALSE,5
81,Mill Creek,Mill Creek RST,Mill Creek RST,TRUE,2024-01-25T00:00:00Z,2024-01-28T11:30:00Z,2024-01-28T11:30:00Z,processed fish,NA,5 foot rst,NA,trap functioning but not normally,debris in trap,not recorded,NA,6,6,FALSE,NA
83,Mill Creek,Mill Creek RST,Mill Creek RST,TRUE,2024-01-28T11:30:00Z,2024-01-28T11:45:00Z,2024-01-28T11:45:00Z,processed fish,NA,5 foot rst,NA,trap functioning normally,NA,restart trap,NA,6,6,FALSE,1
84,Mill Creek,Mill Creek RST,Mill Creek RST,TRUE,2024-01-28T11:45:00Z,2024-01-29T00:00:00Z,2024-01-29T00:00:00Z,processed fish,NA,5 foot rst,NA,trap functioning normally,NA,restart trap,NA,5,5,FALSE,1
86,Mill Creek,Mill Creek RST,Mill Creek RST,TRUE,2024-01-29T00:00:00Z,2024-01-30T00:00:00Z,2024-01-30T00:00:00Z,processed fish,NA,5 foot rst,NA,trap functioning normally,NA,restart trap,NA,3.5,3.5,FALSE,1
91,Mill Creek,Mill Creek RST,Mill Creek RST,TRUE,2024-01-30T00:00:00Z,2024-01-31T08:30:00Z,2024-01-31T08:30:00Z,processed fish,NA,5 foot rst,NA,trap functioning normally,NA,restart trap,NA,4,0,FALSE,1
90,Mill Creek,Mill Creek RST,Mill Creek RST,TRUE,2024-01-31T08:30:00Z,2024-02-07T13:30:00Z,2024-02-07T13:30:00Z,processed fish,NA,5 foot rst,NA,trap functioning normally,NA,restart trap,NA,6,6,FALSE,1
93,Mill Creek,Mill Creek RST,Mill Creek RST,TRUE,2024-02-07T13:30:00Z,2024-02-09T11:30:00Z,2024-02-09T11:30:00Z,processed fish,NA,5 foot rst,NA,trap functioning normally,NA,restart trap,NA,NA,NA,FALSE,1
95,Mill Creek,Mill Creek RST,Mill Creek RST,TRUE,2024-02-09T11:30:00Z,2024-02-10T10:00:00Z,2024-02-10T10:00:00Z,processed fish,NA,5 foot rst,NA,trap functioning normally,NA,restart trap,NA,4,4,FALSE,0
97,Mill Creek,Mill Creek RST,Mill Creek RST,TRUE,2024-02-10T10:00:00Z,2024-02-11T10:00:00Z,2024-02-11T10:00:00Z,processed fish,NA,5 foot rst,NA,trap functioning normally,NA,restart trap,NA,NA,NA,FALSE,0
99,Mill Creek,Mill Creek RST,Mill Creek RST,TRUE,2024-02-11T10:00:00Z,2024-02-12T10:00:00Z,2024-02-12T10:00:00Z,processed fish,NA,5 foot rst,NA,trap functioning normally,NA,restart trap,NA,9,9,FALSE,0
101,Mill Creek,Mill Creek RST,Mill Creek RST,TRUE,2024-02-12T10:00:00Z,2024-02-13T09:40:00Z,2024-02-13T09:40:00Z,processed fish,NA,5 foot rst,NA,trap functioning normally,NA,restart trap,NA,7,NA,FALSE,0
103,Mill Creek,Mill Creek RST,Mill Creek RST,TRUE,2024-02-13T09:40:00Z,2024-02-14T00:00:00Z,2024-02-14T00:00:00Z,processed fish,NA,5 foot rst,NA,trap functioning normally,NA,restart trap,NA,7,NA,FALSE,0
105,Mill Creek,Mill Creek RST,Mill Creek RST,TRUE,2024-02-14T00:00:00Z,2024-02-16T09:03:00Z,2024-02-16T09:03:00Z,processed fish,NA,5 foot rst,NA,trap functioning normally,NA,restart trap,NA,NA,NA,FALSE,0
107,Mill Creek,Mill Creek RST,Mill Creek RST,TRUE,2024-02-16T09:03:00Z,2024-02-23T10:15:00Z,2024-02-23T10:15:00Z,processed fish,NA,5 foot rst,NA,trap functioning normally,NA,restart trap,NA,7.5,0,FALSE,3
108,Mill Creek,Mill Creek RST,Mill Creek RST,TRUE,2024-02-23T10:15:00Z,2024-02-27T10:53:00Z,2024-02-27T10:53:00Z,processed fish,NA,5 foot rst,NA,trap functioning normally,NA,restart trap,0,4,4,FALSE,0
111,Mill Creek,Mill Creek RST,Mill Creek RST,TRUE,2024-02-27T10:53:00Z,2024-02-29T00:00:00Z,2024-02-29T00:00:00Z,processed fish,NA,5 foot rst,NA,trap functioning normally,NA,restart trap,NA,4,0,FALSE,0
113,Mill Creek,Mill Creek RST,Mill Creek RST,TRUE,2024-02-29T00:00:00Z,2024-03-05T09:07:00Z,2024-03-05T09:07:00Z,processed fish,NA,5 foot rst,NA,trap functioning normally,NA,restart trap,NA,8,4,FALSE,0
115,Mill Creek,Mill Creek RST,Mill Creek RST,TRUE,2024-03-05T09:07:00Z,2024-03-06T11:00:00Z,2024-03-06T11:00:00Z,processed fish,NA,5 foot rst,NA,trap functioning but not normally,not recorded,not recorded,NA,5,5,FALSE,1
116,Mill Creek,Mill Creek RST,Mill Creek RST,TRUE,2024-03-06T11:00:00Z,2024-03-07T12:10:00Z,2024-03-07T12:10:00Z,processed fish,NA,5 foot rst,NA,trap functioning normally,NA,restart trap,NA,10,6,FALSE,1
119,Mill Creek,Mill Creek RST,Mill Creek RST,TRUE,2024-03-07T12:10:00Z,2024-03-08T11:17:00Z,2024-03-08T11:17:00Z,processed fish,NA,5 foot rst,NA,trap functioning normally,NA,restart trap,NA,1,NA,FALSE,1
123,Mill Creek,Mill Creek RST,Mill Creek RST,TRUE,2024-03-08T11:17:00Z,2024-03-09T11:40:00Z,2024-03-09T11:40:00Z,processed fish,NA,5 foot rst,NA,trap functioning normally,NA,restart trap,NA,4,9,FALSE,2
125,Mill Creek,Mill Creek RST,Mill Creek RST,TRUE,2024-03-09T11:40:00Z,2024-03-10T12:08:00Z,NA,processed fish,NA,5 foot rst,NA,trap functioning normally,NA,end trapping,NA,9,0,FALSE,1
127,Mill Creek,Mill Creek RST,Mill Creek RST,TRUE,2024-03-12T00:00:00Z,2024-03-12T00:00:00Z,2024-03-12T00:00:00Z,processed fish,NA,5 foot rst,NA,trap functioning normally,NA,restart trap,7,7,NA,FALSE,0
129,Mill Creek,Mill Creek RST,Mill Creek RST,TRUE,2024-03-12T00:00:00Z,2024-03-13T09:33:00Z,2024-03-13T09:33:00Z,processed fish,NA,5 foot rst,NA,trap functioning normally,NA,restart trap,NA,10,10,FALSE,1
133,Mill Creek,Mill Creek RST,Mill Creek RST,TRUE,2024-03-13T09:33:00Z,2024-03-14T00:00:00Z,2024-03-14T00:00:00Z,processed fish,NA,5 foot rst,NA,trap functioning normally,NA,restart trap,NA,11,NA,FALSE,2
132,Mill Creek,Mill Creek RST,Mill Creek RST,TRUE,2024-03-14T00:00:00Z,2024-03-15T10:39:00Z,2024-03-15T10:39:00Z,processed fish,NA,5 foot rst,NA,trap functioning normally,NA,restart trap,NA,NA,NA,FALSE,0
135,Mill Creek,Mill Creek RST,Mill Creek RST,TRUE,2024-03-15T10:39:00Z,2024-03-16T10:50:00Z,2024-03-16T10:50:00Z,processed fish,NA,5 foot rst,NA,trap functioning normally,NA,restart trap,NA,7,10,FALSE,1
137,Mill Creek,Mill Creek RST,Mill Creek RST,TRUE,2024-03-16T10:50:00Z,2024-03-17T10:40:00Z,2024-03-17T10:40:00Z,processed fish,NA,5 foot rst,NA,trap functioning normally,NA,restart trap,NA,8,9,FALSE,1
139,Mill Creek,Mill Creek RST,Mill Creek RST,TRUE,2024-03-17T10:40:00Z,2024-03-18T11:50:00Z,2024-03-18T11:50:00Z,processed fish,NA,5 foot rst,NA,trap functioning normally,NA,restart trap,NA,10,10,FALSE,0
141,Mill Creek,Mill Creek RST,Mill Creek RST,TRUE,2024-03-18T11:50:00Z,2024-03-19T09:30:00Z,2024-03-19T09:30:00Z,processed fish,NA,5 foot rst,NA,trap functioning normally,NA,restart trap,NA,9,NA,FALSE,0
146,Mill Creek,Mill Creek RST,Mill Creek RST,TRUE,2024-03-19T09:30:00Z,2024-03-20T10:45:00Z,2024-03-20T10:45:00Z,processed fish,NA,5 foot rst,NA,trap functioning normally,NA,restart trap,NA,12,NA,FALSE,5
144,Mill Creek,Mill Creek RST,Mill Creek RST,TRUE,2024-03-20T10:45:00Z,2024-03-21T02:00:00Z,2024-03-21T02:00:00Z,processed fish,NA,5 foot rst,NA,trap functioning normally,NA,restart trap,NA,9,9,FALSE,1
147,Mill Creek,Mill Creek RST,Mill Creek RST,TRUE,2024-03-21T02:00:00Z,2024-03-22T09:37:00Z,2024-03-22T09:37:00Z,processed fish,NA,5 foot rst,NA,trap functioning normally,NA,restart trap,NA,10,NA,FALSE,1
149,Mill Creek,Mill Creek RST,Mill Creek RST,TRUE,2024-03-22T09:37:00Z,2024-03-24T11:00:00Z,2024-03-24T11:00:00Z,processed fish,NA,5 foot rst,NA,trap functioning normally,NA,restart trap,NA,5,NA,FALSE,2
150,Mill Creek,Mill Creek RST,Mill Creek RST,TRUE,2024-03-24T11:00:00Z,2024-03-25T10:10:00Z,2024-03-25T10:10:00Z,processed fish,NA,5 foot rst,NA,trap functioning normally,NA,restart trap,NA,10,NA,FALSE,2
152,Mill Creek,Mill Creek RST,Mill Creek RST,TRUE,2024-03-25T10:10:00Z,2024-03-26T11:08:00Z,2024-03-26T11:08:00Z,processed fish,NA,5 foot rst,NA,trap functioning normally,NA,restart trap,NA,12,12,FALSE,1
157,Mill Creek,Mill Creek RST,Mill Creek RST,TRUE,2024-03-26T11:08:00Z,2024-03-27T08:52:00Z,2024-03-27T08:52:00Z,processed fish,NA,5 foot rst,NA,trap functioning normally,NA,restart trap,NA,8,NA,FALSE,1
156,Mill Creek,Mill Creek RST,Mill Creek RST,TRUE,2024-03-27T08:52:00Z,2024-03-28T10:18:00Z,2024-03-28T10:18:00Z,processed fish,NA,5 foot rst,NA,trap functioning normally,NA,restart trap,NA,11,NA,FALSE,2
159,Mill Creek,Mill Creek RST,Mill Creek RST,TRUE,2024-03-28T10:18:00Z,2024-03-29T08:49:00Z,2024-03-29T08:49:00Z,processed fish,NA,5 foot rst,NA,trap functioning normally,NA,restart trap,NA,10,10,FALSE,2
162,Mill Creek,Mill Creek RST,Mill Creek RST,TRUE,2024-03-29T08:49:00Z,2024-03-30T00:00:00Z,2024-03-30T00:00:00Z,processed fish,NA,5 foot rst,NA,trap functioning normally,NA,restart trap,NA,10,NA,FALSE,1
166,Mill Creek,Mill Creek RST,Mill Creek RST,TRUE,2024-03-30T00:00:00Z,2024-03-31T11:00:00Z,2024-03-31T11:00:00Z,processed fish,NA,5 foot rst,NA,trap functioning normally,NA,restart trap,NA,10,10,FALSE,1
164,Mill Creek,Mill Creek RST,Mill Creek RST,TRUE,2024-03-31T11:00:00Z,2024-04-01T11:26:00Z,2024-04-01T11:26:00Z,processed fish,NA,5 foot rst,NA,trap functioning normally,NA,restart trap,NA,10,NA,FALSE,1
167,Mill Creek,Mill Creek RST,Mill Creek RST,TRUE,2024-04-01T11:26:00Z,2024-04-02T09:11:00Z,2024-04-02T09:11:00Z,processed fish,NA,5 foot rst,NA,trap functioning normally,NA,restart trap,10,10,NA,FALSE,0
169,Mill Creek,Mill Creek RST,Mill Creek RST,TRUE,2024-04-02T09:11:00Z,2024-04-03T10:11:00Z,2024-04-03T10:11:00Z,processed fish,NA,5 foot rst,NA,trap functioning normally,NA,restart trap,NA,9,9,FALSE,1
171,Mill Creek,Mill Creek RST,Mill Creek RST,TRUE,2024-04-03T10:11:00Z,2024-04-04T10:00:00Z,2024-04-04T10:00:00Z,processed fish,NA,5 foot rst,NA,trap functioning normally,NA,restart trap,NA,10,NA,FALSE,1
173,Mill Creek,Mill Creek RST,Mill Creek RST,TRUE,2024-04-04T10:00:00Z,2024-04-05T09:29:00Z,2024-04-05T09:29:00Z,processed fish,NA,5 foot rst,NA,trap functioning normally,NA,restart trap,NA,NA,NA,FALSE,1
174,Mill Creek,Mill Creek RST,Mill Creek RST,TRUE,2024-04-05T09:29:00Z,2024-04-06T00:00:00Z,2024-04-06T00:00:00Z,processed fish,NA,5 foot rst,NA,trap functioning but not normally,broken trap,not recorded,NA,NA,NA,FALSE,NA
178,Mill Creek,Mill Creek RST,Mill Creek RST,TRUE,2024-04-06T00:00:00Z,2024-04-07T09:00:00Z,2024-04-07T09:00:00Z,processed fish,NA,5 foot rst,NA,trap functioning normally,NA,restart trap,NA,10,10,FALSE,1
179,Mill Creek,Mill Creek RST,Mill Creek RST,TRUE,2024-04-07T09:00:00Z,2024-04-08T02:01:00Z,2024-04-08T02:01:00Z,processed fish,NA,5 foot rst,NA,trap functioning normally,NA,restart trap,NA,10,NA,FALSE,NA
181,Mill Creek,Mill Creek RST,Mill Creek RST,TRUE,2024-04-08T02:01:00Z,2024-04-09T08:45:00Z,2024-04-09T08:45:00Z,processed fish,NA,5 foot rst,NA,trap functioning normally,NA,restart trap,NA,10,10,FALSE,1
183,Mill Creek,Mill Creek RST,Mill Creek RST,TRUE,2024-04-09T08:45:00Z,2024-04-10T08:45:00Z,2024-04-10T08:45:00Z,processed fish,NA,5 foot rst,NA,trap functioning normally,NA,restart trap,NA,12,NA,FALSE,1
185,Mill Creek,Mill Creek RST,Mill Creek RST,TRUE,2024-04-10T08:45:00Z,2024-04-11T09:00:00Z,2024-04-11T09:00:00Z,processed fish,NA,5 foot rst,NA,trap functioning normally,NA,restart trap,NA,12,NA,FALSE,0
186,Mill Creek,Mill Creek RST,Mill Creek RST,TRUE,2024-04-11T09:00:00Z,2024-04-12T10:13:00Z,2024-04-12T10:13:00Z,processed fish,NA,5 foot rst,NA,trap functioning normally,NA,restart trap,NA,12,NA,FALSE,1
188,Mill Creek,Mill Creek RST,Mill Creek RST,TRUE,2024-04-12T10:13:00Z,2024-04-13T12:05:00Z,2024-04-13T12:05:00Z,processed fish,NA,5 foot rst,NA,trap functioning normally,NA,restart trap,NA,NA,NA,FALSE,1
191,Mill Creek,Mill Creek RST,Mill Creek RST,TRUE,2024-04-13T12:05:00Z,2024-04-14T10:05:00Z,2024-04-14T10:05:00Z,processed fish,NA,5 foot rst,NA,trap functioning normally,NA,restart trap,NA,10,NA,FALSE,1
193,Mill Creek,Mill Creek RST,Mill Creek RST,TRUE,2024-04-14T10:05:00Z,2024-04-15T09:41:00Z,2024-04-15T09:41:00Z,processed fish,NA,5 foot rst,NA,trap functioning normally,NA,restart trap,NA,11,NA,FALSE,1
195,Mill Creek,Mill Creek RST,Mill Creek RST,TRUE,2024-04-15T09:41:00Z,2024-04-16T08:30:00Z,2024-04-16T08:30:00Z,processed fish,NA,5 foot rst,NA,trap functioning normally,NA,restart trap,NA,10,NA,FALSE,0
198,Mill Creek,Mill Creek RST,Mill Creek RST,TRUE,2024-04-16T08:30:00Z,2024-04-17T10:30:00Z,2024-04-17T10:30:00Z,processed fish,NA,5 foot rst,NA,trap functioning normally,NA,restart trap,NA,12,12,FALSE,0
199,Mill Creek,Mill Creek RST,Mill Creek RST,TRUE,2024-04-17T10:30:00Z,2024-04-18T10:25:00Z,2024-04-18T10:25:00Z,processed fish,NA,5 foot rst,NA,trap functioning normally,NA,restart trap,NA,7,NA,FALSE,1
201,Mill Creek,Mill Creek RST,Mill Creek RST,TRUE,2024-04-18T10:25:00Z,2024-04-19T11:20:00Z,2024-04-19T11:20:00Z,processed fish,NA,5 foot rst,NA,trap functioning normally,NA,restart trap,NA,12,12,FALSE,2
202,Mill Creek,Mill Creek RST,Mill Creek RST,TRUE,2024-04-19T11:20:00Z,2024-04-20T09:30:00Z,2024-04-20T09:30:00Z,processed fish,NA,5 foot rst,NA,trap functioning normally,NA,restart trap,NA,11,NA,FALSE,2
204,Mill Creek,Mill Creek RST,Mill Creek RST,TRUE,2024-04-20T09:30:00Z,2024-04-21T09:40:00Z,2024-04-21T09:40:00Z,processed fish,NA,5 foot rst,NA,trap functioning normally,NA,restart trap,NA,11,NA,FALSE,3
206,Mill Creek,Mill Creek RST,Mill Creek RST,TRUE,2024-04-21T09:40:00Z,2024-04-22T12:00:00Z,2024-04-22T12:00:00Z,processed fish,NA,5 foot rst,NA,trap functioning normally,NA,restart trap,NA,13,NA,FALSE,6
208,Mill Creek,Mill Creek RST,Mill Creek RST,TRUE,2024-04-22T12:00:00Z,2024-04-23T11:20:00Z,2024-04-23T11:20:00Z,processed fish,NA,5 foot rst,NA,trap functioning normally,NA,restart trap,NA,NA,NA,FALSE,5
210,Mill Creek,Mill Creek RST,Mill Creek RST,TRUE,2024-04-23T11:20:00Z,2024-04-24T00:00:00Z,2024-04-24T00:00:00Z,processed fish,NA,5 foot rst,NA,trap functioning normally,NA,restart trap,NA,NA,NA,FALSE,5
212,Mill Creek,Mill Creek RST,Mill Creek RST,TRUE,2024-04-24T00:00:00Z,2024-04-25T09:45:00Z,2024-04-25T09:45:00Z,processed fish,NA,5 foot rst,NA,trap functioning normally,NA,restart trap,NA,11,11,FALSE,4
214,Mill Creek,Mill Creek RST,Mill Creek RST,TRUE,2024-04-25T09:45:00Z,2024-04-26T11:30:00Z,2024-04-26T11:30:00Z,processed fish,NA,5 foot rst,NA,trap functioning normally,NA,restart trap,NA,10,10,FALSE,1
216,Mill Creek,Mill Creek RST,Mill Creek RST,TRUE,2024-04-26T11:30:00Z,2024-04-27T11:30:00Z,2024-04-27T11:30:00Z,processed fish,NA,5 foot rst,NA,trap functioning normally,NA,restart trap,NA,10,NA,FALSE,2
218,Mill Creek,Mill Creek RST,Mill Creek RST,TRUE,2024-04-27T11:30:00Z,2024-04-28T09:55:00Z,2024-04-28T09:55:00Z,processed fish,NA,5 foot rst,NA,trap functioning normally,NA,restart trap,NA,11,11,FALSE,3
221,Mill Creek,Mill Creek RST,Mill Creek RST,TRUE,2024-04-28T09:55:00Z,2024-04-30T12:15:00Z,2024-04-30T12:15:00Z,processed fish,NA,5 foot rst,NA,trap functioning normally,NA,restart trap,NA,NA,NA,FALSE,2
222,Mill Creek,Mill Creek RST,Mill Creek RST,TRUE,2024-04-30T12:15:00Z,2024-05-01T11:04:00Z,2024-05-01T11:04:00Z,processed fish,NA,5 foot rst,NA,trap functioning normally,NA,restart trap,NA,11,11,FALSE,1
224,Mill Creek,Mill Creek RST,Mill Creek RST,TRUE,2024-05-01T11:04:00Z,2024-05-02T01:01:00Z,2024-05-02T01:01:00Z,processed fish,NA,5 foot rst,NA,trap functioning normally,NA,restart trap,NA,10,NA,FALSE,3
226,Mill Creek,Mill Creek RST,Mill Creek RST,TRUE,2024-05-02T01:01:00Z,2024-05-03T11:41:00Z,2024-05-03T11:41:00Z,processed fish,NA,5 foot rst,NA,trap functioning normally,NA,restart trap,NA,NA,NA,FALSE,3
228,Mill Creek,Mill Creek RST,Mill Creek RST,TRUE,2024-05-03T11:41:00Z,2024-05-04T09:40:00Z,2024-05-04T09:40:00Z,processed fish,NA,5 foot rst,NA,trap functioning normally,NA,restart trap,NA,NA,NA,FALSE,2
230,Mill Creek,Mill Creek RST,Mill Creek RST,TRUE,2024-05-04T09:40:00Z,2024-05-06T02:40:00Z,2024-05-06T02:40:00Z,processed fish,NA,5 foot rst,NA,trap functioning normally,NA,restart trap,NA,NA,NA,FALSE,10
232,Mill Creek,Mill Creek RST,Mill Creek RST,TRUE,2024-05-06T02:40:00Z,2024-05-07T09:36:00Z,2024-05-07T09:36:00Z,processed fish,NA,5 foot rst,NA,trap functioning normally,NA,restart trap,NA,10,10,FALSE,1
235,Mill Creek,Mill Creek RST,Mill Creek RST,TRUE,2024-05-07T09:36:00Z,2024-05-08T09:03:00Z,2024-05-08T09:03:00Z,processed fish,NA,5 foot rst,NA,trap functioning normally,NA,restart trap,NA,10,NA,FALSE,2
236,Mill Creek,Mill Creek RST,Mill Creek RST,TRUE,2024-05-08T09:03:00Z,2024-05-09T10:00:00Z,2024-05-09T10:00:00Z,processed fish,NA,5 foot rst,NA,trap functioning normally,NA,restart trap,NA,6,6,FALSE,2
251,Mill Creek,Mill Creek RST,Mill Creek RST,TRUE,2024-05-09T10:00:00Z,2024-05-11T00:00:00Z,2024-05-11T00:00:00Z,processed fish,NA,5 foot rst,NA,trap functioning normally,NA,restart trap,NA,10.5,10.5,FALSE,1
249,Mill Creek,Mill Creek RST,Mill Creek RST,TRUE,2024-05-11T00:00:00Z,2024-05-13T00:00:00Z,2024-05-13T00:00:00Z,processed fish,NA,5 foot rst,NA,trap functioning normally,NA,restart trap,NA,12,12,FALSE,3
250,Mill Creek,Mill Creek RST,Mill Creek RST,TRUE,2024-05-13T00:00:00Z,2024-05-14T11:15:00Z,2024-05-14T11:15:00Z,processed fish,NA,5 foot rst,NA,trap functioning normally,NA,restart trap,NA,12,12,FALSE,6
248,Mill Creek,Mill Creek RST,Mill Creek RST,TRUE,2024-05-14T11:15:00Z,2024-05-15T11:51:00Z,2024-05-15T11:51:00Z,processed fish,NA,5 foot rst,NA,trap functioning normally,NA,restart trap,NA,8,8,FALSE,5
247,Mill Creek,Mill Creek RST,Mill Creek RST,TRUE,2024-05-15T11:51:00Z,2024-05-16T09:14:00Z,2024-05-16T09:14:00Z,processed fish,NA,5 foot rst,NA,trap functioning normally,NA,restart trap,NA,7,NA,FALSE,5
246,Mill Creek,Mill Creek RST,Mill Creek RST,TRUE,2024-05-16T09:14:00Z,2024-05-17T10:55:00Z,2024-05-17T10:55:00Z,processed fish,NA,5 foot rst,NA,trap functioning normally,NA,restart trap,NA,NA,NA,FALSE,NA
245,Mill Creek,Mill Creek RST,Mill Creek RST,TRUE,2024-05-17T10:55:00Z,2024-05-18T11:15:00Z,2024-05-18T11:15:00Z,processed fish,NA,5 foot rst,NA,trap functioning normally,NA,restart trap,NA,10,10,FALSE,2
244,Mill Creek,Mill Creek RST,Mill Creek RST,TRUE,2024-05-18T11:15:00Z,2024-05-20T10:20:00Z,2024-05-20T10:20:00Z,processed fish,NA,5 foot rst,NA,trap functioning normally,NA,restart trap,NA,10.5,NA,FALSE,4
243,Mill Creek,Mill Creek RST,Mill Creek RST,TRUE,2024-05-20T10:20:00Z,2024-05-21T10:15:00Z,2024-05-21T10:15:00Z,processed fish,NA,5 foot rst,NA,trap functioning normally,NA,restart trap,NA,12,NA,FALSE,5
242,Mill Creek,Mill Creek RST,Mill Creek RST,TRUE,2024-05-21T10:15:00Z,2024-05-22T09:10:00Z,2024-05-22T09:10:00Z,processed fish,NA,5 foot rst,NA,trap functioning normally,NA,restart trap,NA,9.5,9.5,FALSE,2
252,Mill Creek,Mill Creek RST,Mill Creek RST,TRUE,2024-06-05T00:00:00Z,2024-06-06T09:16:00Z,2024-06-06T09:16:00Z,processed fish,NA,5 foot rst,NA,trap functioning normally,NA,restart trap,NA,8,NA,FALSE,2
254,Mill Creek,Mill Creek RST,Mill Creek RST,TRUE,2024-06-06T09:16:00Z,2024-06-07T09:14:00Z,2024-06-07T09:14:00Z,processed fish,NA,5 foot rst,NA,trap functioning normally,NA,restart trap,NA,NA,NA,FALSE,1
255,Mill Creek,Mill Creek RST,Mill Creek RST,TRUE,2024-06-07T09:14:00Z,2024-06-10T09:00:00Z,2024-06-10T09:00:00Z,processed fish,NA,5 foot rst,NA,trap functioning normally,NA,restart trap,NA,8,8,FALSE,1
253,Mill Creek,Mill Creek RST,Mill Creek RST,TRUE,2024-06-10T09:00:00Z,2024-06-11T09:00:00Z,2024-06-11T09:00:00Z,processed fish,NA,5 foot rst,NA,trap functioning normally,NA,restart trap,NA,8,NA,FALSE,1
256,Mill Creek,Mill Creek RST,Mill Creek RST,TRUE,2024-06-11T09:00:00Z,2024-06-12T10:35:00Z,2024-06-12T10:35:00Z,processed fish,NA,5 foot rst,NA,trap functioning normally,NA,restart trap,NA,8,NA,FALSE,0
257,Mill Creek,Mill Creek RST,Mill Creek RST,TRUE,2024-06-12T10:35:00Z,2024-06-13T10:50:00Z,2024-06-13T10:50:00Z,processed fish,NA,5 foot rst,NA,trap functioning normally,NA,restart trap,NA,7,7,FALSE,0
258,Mill Creek,Mill Creek RST,Mill Creek RST,TRUE,2024-06-13T10:50:00Z,2024-06-14T09:26:00Z,2024-06-14T09:26:00Z,processed fish,NA,5 foot rst,NA,trap functioning normally,NA,restart trap,NA,7,7,FALSE,0
259,Mill Creek,Mill Creek RST,Mill Creek RST,TRUE,2024-06-14T09:26:00Z,2024-06-17T08:30:00Z,2024-06-17T08:30:00Z,processed fish,NA,5 foot rst,NA,trap functioning normally,NA,restart trap,NA,4,4,FALSE,1
261,Mill Creek,Mill Creek RST,Mill Creek RST,TRUE,2024-06-17T08:30:00Z,2024-06-18T09:00:00Z,2024-06-18T09:00:00Z,processed fish,NA,5 foot rst,NA,trap functioning normally,NA,restart trap,NA,NA,NA,FALSE,2
262,Mill Creek,Mill Creek RST,Mill Creek RST,TRUE,2024-06-18T09:00:00Z,2024-06-19T09:00:00Z,2024-06-19T09:00:00Z,processed fish,NA,5 foot rst,NA,trap functioning normally,NA,restart trap,NA,2,2,FALSE,2
263,Mill Creek,Mill Creek RST,Mill Creek RST,TRUE,2024-06-19T09:00:00Z,2024-06-20T09:13:00Z,2024-06-20T09:13:00Z,processed fish,NA,5 foot rst,NA,trap functioning normally,NA,restart trap,NA,4,NA,FALSE,0
260,Mill Creek,Mill Creek RST,Mill Creek RST,TRUE,2024-06-20T09:13:00Z,2024-06-21T08:40:00Z,2024-06-21T08:40:00Z,processed fish,NA,5 foot rst,NA,trap functioning normally,NA,restart trap,3,NA,NA,FALSE,1
321,Mill Creek,Mill Creek RST,Mill Creek RST,FALSE,2024-10-07T00:00:00Z,2024-10-08T09:39:00Z,2024-10-08T09:45:00Z,processed fish,NA,NA,NA,trap functioning normally,NA,restart trap,NA,1,1,FALSE,2
282,Mill Creek,Mill Creek RST,Mill Creek RST,FALSE,2024-10-08T09:45:00Z,2024-10-09T09:18:00Z,2024-10-09T09:34:00Z,processed fish,NA,NA,NA,trap functioning normally,NA,restart trap,NA,NA,1,FALSE,1
281,Mill Creek,Mill Creek RST,Mill Creek RST,FALSE,2024-10-09T09:34:00Z,2024-10-10T09:00:00Z,2024-10-23T08:17:18Z,no fish caught,NA,NA,NA,trap functioning normally,NA,restart trap,NA,NA,1,FALSE,1
280,Mill Creek,Mill Creek RST,Mill Creek RST,FALSE,2024-10-10T00:00:00Z,2024-10-11T09:00:00Z,2024-10-23T08:15:31Z,no fish caught,NA,NA,NA,trap functioning normally,NA,restart trap,NA,NA,NA,FALSE,NA
279,Mill Creek,Mill Creek RST,Mill Creek RST,FALSE,2024-10-13T00:00:00Z,2024-10-14T08:00:00Z,2024-10-14T08:00:00Z,processed fish,NA,NA,NA,trap functioning normally,NA,restart trap,NA,3,3,FALSE,1
278,Mill Creek,Mill Creek RST,Mill Creek RST,FALSE,2024-10-14T08:00:00Z,2024-10-15T10:13:00Z,2024-10-15T10:13:00Z,processed fish,NA,NA,NA,trap functioning normally,NA,restart trap,NA,4,4,FALSE,1
277,Mill Creek,Mill Creek RST,Mill Creek RST,FALSE,2024-10-15T10:13:00Z,2024-10-16T08:45:00Z,2024-10-16T08:45:00Z,processed fish,NA,NA,NA,trap functioning normally,NA,restart trap,NA,1,2,FALSE,1
276,Mill Creek,Mill Creek RST,Mill Creek RST,FALSE,2024-10-16T08:45:00Z,2024-10-18T09:00:00Z,2024-10-18T09:00:00Z,processed fish,NA,NA,NA,trap functioning normally,NA,restart trap,NA,4,4,FALSE,2
275,Mill Creek,Mill Creek RST,Mill Creek RST,FALSE,2024-10-18T09:00:00Z,2024-10-21T09:57:00Z,2024-10-21T09:57:00Z,processed fish,NA,NA,NA,trap functioning normally,NA,restart trap,NA,2,2,FALSE,1
287,Mill Creek,Mill Creek RST,Mill Creek RST,FALSE,2024-10-21T09:57:00Z,2024-10-23T11:15:00Z,2024-10-23T11:15:00Z,processed fish,NA,NA,NA,trap functioning normally,NA,restart trap,NA,4,4,FALSE,4
285,Mill Creek,Mill Creek RST,Mill Creek RST,FALSE,2024-10-23T11:15:00Z,2024-10-24T11:47:00Z,2024-10-24T11:47:00Z,processed fish,NA,NA,NA,trap functioning normally,NA,restart trap,NA,4,3,FALSE,1
288,Mill Creek,Mill Creek RST,Mill Creek RST,FALSE,2024-10-24T11:47:00Z,2024-10-25T17:27:23Z,2024-10-25T17:28:35Z,processed fish,NA,NA,NA,trap functioning normally,NA,restart trap,NA,3,3,FALSE,0
290,Mill Creek,Mill Creek RST,Mill Creek RST,FALSE,2024-10-25T17:28:35Z,2024-10-28T12:03:00Z,2024-10-28T12:03:00Z,processed fish,NA,NA,NA,trap functioning normally,NA,restart trap,NA,3,5,FALSE,1
291,Mill Creek,Mill Creek RST,Mill Creek RST,FALSE,2024-10-28T12:03:00Z,2024-10-29T07:23:50Z,2024-10-29T15:24:35Z,processed fish,NA,NA,NA,trap functioning normally,NA,restart trap,NA,4,4,FALSE,1
294,Mill Creek,Mill Creek RST,Mill Creek RST,FALSE,2024-10-29T15:24:35Z,2024-10-30T14:47:00Z,2024-10-30T14:47:00Z,processed fish,NA,NA,NA,trap functioning normally,NA,restart trap,NA,6,6,FALSE,1
298,Mill Creek,Mill Creek RST,Mill Creek RST,FALSE,2024-10-30T14:47:00Z,2024-11-05T07:55:41Z,2024-11-05T08:01:10Z,processed fish,NA,NA,NA,trap functioning normally,NA,restart trap,NA,3,4,FALSE,3
299,Mill Creek,Mill Creek RST,Mill Creek RST,FALSE,2024-11-05T08:01:10Z,2024-11-05T18:10:36Z,2024-11-05T18:26:47Z,processed fish,NA,NA,NA,trap functioning but not normally,not recorded,restart trap,NA,NA,4,FALSE,1
300,Mill Creek,Mill Creek RST,Mill Creek RST,FALSE,2024-11-05T18:26:47Z,2024-11-06T15:53:04Z,2024-11-06T17:15:52Z,processed fish,NA,NA,NA,trap functioning normally,NA,restart trap,NA,4,4,FALSE,1
302,Mill Creek,Mill Creek RST,Mill Creek RST,FALSE,2024-11-06T17:15:52Z,2024-11-08T09:17:34Z,NA,processed fish,NA,NA,NA,trap functioning normally,NA,end trapping,NA,1,NA,FALSE,1
323,Mill Creek,Mill Creek RST,Mill Creek RST,FALSE,2024-11-12T09:15:00Z,2024-11-12T09:15:00Z,2024-11-22T13:32:32Z,no fish caught,NA,NA,NA,trap functioning normally,NA,restart trap,NA,1,1,FALSE,NA
306,Mill Creek,Mill Creek RST,Mill Creek RST,FALSE,2024-11-12T00:00:00Z,2024-11-13T09:32:07Z,2024-11-13T09:33:27Z,processed fish,NA,NA,NA,trap functioning normally,NA,restart trap,NA,2,2,FALSE,1
310,Mill Creek,Mill Creek RST,Mill Creek RST,FALSE,2024-11-13T09:33:27Z,2024-11-14T09:05:00Z,2024-11-14T09:29:28Z,processed fish,NA,NA,NA,trap functioning normally,NA,restart trap,NA,1,1,FALSE,1
311,Mill Creek,Mill Creek RST,Mill Creek RST,FALSE,2024-11-14T09:29:28Z,2024-11-15T09:14:00Z,2024-11-15T09:22:21Z,no fish caught,NA,NA,NA,trap functioning normally,NA,restart trap,NA,4,4,FALSE,1
319,Mill Creek,Mill Creek RST,Mill Creek RST,TRUE,2024-11-15T09:14:00Z,2024-11-15T09:14:00Z,2024-11-20T07:46:46Z,no fish caught,NA,NA,NA,trap functioning normally,NA,restart trap,NA,4,4,FALSE,1
322,Mill Creek,Mill Creek RST,Mill Creek RST,FALSE,2024-11-17T00:00:00Z,2024-11-18T09:15:00Z,2024-11-18T09:30:00Z,processed fish,NA,NA,NA,trap functioning normally,NA,restart trap,NA,NA,3,FALSE,1
324,Mill Creek,Mill Creek RST,Mill Creek RST,FALSE,2024-11-18T09:30:00Z,2024-11-19T09:08:00Z,2024-11-19T09:14:00Z,processed fish,NA,NA,NA,trap functioning normally,NA,restart trap,NA,NA,3,FALSE,1
328,Mill Creek,Mill Creek RST,Mill Creek RST,FALSE,2024-12-09T00:00:00Z,2024-12-10T08:57:00Z,2024-12-10T08:30:00Z,processed fish,NA,NA,NA,trap functioning normally,NA,restart trap,NA,2,2,FALSE,1
325,Mill Creek,Mill Creek RST,Mill Creek RST,FALSE,2024-12-10T08:30:00Z,2024-12-12T09:29:30Z,2024-12-12T13:59:30Z,processed fish,NA,NA,NA,trap functioning normally,NA,restart trap,NA,4,4,FALSE,1
327,Mill Creek,Mill Creek RST,Mill Creek RST,FALSE,2024-12-12T13:59:30Z,2024-12-13T07:47:23Z,NA,processed fish,NA,NA,NA,trap functioning normally,NA,end trapping,NA,4,4,FALSE,5
329,Mill Creek,Mill Creek RST,Mill Creek RST,FALSE,2024-12-13T12:08:28Z,2024-12-13T12:08:28Z,2024-12-11T10:00:00Z,processed fish,NA,NA,NA,trap functioning normally,NA,restart trap,NA,4,4,FALSE,5
330,Mill Creek,Mill Creek RST,Mill Creek RST,FALSE,2024-12-11T10:00:00Z,2024-12-17T09:45:00Z,2024-12-17T11:00:00Z,processed fish,NA,NA,NA,trap functioning normally,NA,restart trap,NA,5,6,FALSE,2
331,Mill Creek,Mill Creek RST,Mill Creek RST,FALSE,2024-12-17T11:00:00Z,2024-12-18T07:51:09Z,2024-12-18T13:29:26Z,processed fish,NA,NA,NA,trap functioning normally,NA,restart trap,NA,4,4,FALSE,1
